SerialNumber,CountryOperatorOwner,ValueCounts,OrigSequence,LaunchDates,LaunchDay,LaunchMonth,LaunchYear
0,USA,1308,0,12/11/2019,11,12,2019
1,China,356,1,9/29/1988,29,9,1988
2,Russia,167,2,9/25/1989,25,9,1989
3,United Kingdom,130,3,4/25/2016,25,4,2016
4,Japan,78,4,8/30/1990,30,8,1990
5,Multinational,64,5,8/2/1991,2,8,1991
6,India,58,6,1/13/1993,13,1,1993
7,ESA,53,7,9/3/1993,3,9,1993
8,Canada,39,8,2/7/1994,7,2,1994
9,Germany,37,9,8/27/1994,27,8,1994
10,Luxembourg,32,10,11/1/1994,1,11,1994
11,Spain,21,11,1/29/1995,29,1,1995
12,South Korea,16,12,4/7/1995,7,4,1995
13,Argentina,16,13,7/13/1995,13,7,1995
14,Israel,15,14,7/31/1995,31,7,1995
15,Saudi Arabia,13,15,4/3/1996,3,4,1996
16,Italy,12,16,4/18/1996,18,4,1996
17,France,12,17,4/20/1996,20,4,1996
18,Netherlands,12,18,4/24/1996,24,4,1996
19,Australia,12,19,9/6/1996,6,9,1996
20,Taiwan/USA,11,20,9/8/1996,8,9,1996
21,Brazil,11,21,9/13/2012,13,9,2012
22,Indonesia,9,22,12/18/1996,18,12,1996
23,Singapore,8,23,8/9/2019,9,8,2019
24,United Arab Emirates,8,24,8/9/2019,9,8,2019
25,Norway,7,25,12/17/2018,17,12,2018
26,Finland,7,26,12/17/2018,17,12,2018
27,Kazakhstan,7,27,7/16/2018,16,7,2018
28,Turkey,7,28,7/16/2018,16,7,2018
29,Algeria,5,29,1/31/2020,31,1,2020
30,Thailand,5,30,1/31/2020,31,1,2020
31,Denmark,5,31,1/31/2020,31,1,2020
32,South Africa,5,32,10/8/2015,8,10,2015
33,Malaysia,5,33,6/19/2014,19,6,2014
34,USA/Japan,5,34,6/19/2014,19,6,2014
35,USA/Argentina,4,35,10/8/2015,8,10,2015
36,Vietnam,4,36,5/20/2015,20,5,2015
37,Mexico,4,37,5/20/2015,20,5,2015
38,Switzerland,4,38,11/11/2016,11,11,2016
39,Nigeria,3,39,1/30/1997,30,1,1997
40,France/Italy,3,40,4/25/2007,25,4,2007
41,Egypt,3,41,6/30/2014,30,6,2014
42,Pakistan,3,42,7/12/2010,12,7,2010
43,Czech Republic,3,43,7/8/2014,8,7,2014
44,China/France,2,44,12/28/2013,28,12,2013
45,Venezuela,2,45,4/19/2013,19,4,2013
46,USA/Canada,2,46,4/27/2016,27,4,2016
47,Poland,2,47,12/3/2018,3,12,2018
48,China/Germany,2,48,4/1/2019,1,4,2019
49,France/Belgium/Sweden,2,49,2/16/1997,16,2,1997
50,Russia/USA,2,50,2/23/1997,23,2,1997
51,Sweden,2,51,12/6/2019,6,12,2019
52,Lithuania,2,52,12/3/2018,3,12,2018
53,France/Italy/Belgium/Spain/Greece,2,53,12/6/2013,6,12,2013
54,Azerbaijan,2,54,9/26/2016,26,9,2016
55,Morocco,2,55,9/26/2016,26,9,2016
56,Hungary,2,56,9/26/2016,26,9,2016
57,Japan/Singapore,2,57,7/12/2010,12,7,2010
58,USA/Germany,2,58,5/24/1997,24,5,1997
59,Philippines,2,59,8/28/1997,28,8,1997
60,Greece,2,60,9/4/1997,4,9,1997
61,India/France,2,61,9/23/1997,23,9,1997
62,China/Brazil,2,62,10/24/1997,24,10,1997
63,Belarus,2,63,11/8/1997,8,11,1997
64,USA/Canada/Japan,1,64,12/2/1997,2,12,1997
65,Bolivia,1,65,2/4/1998,4,2,1998
66,Colombia,1,66,3/16/1998,16,3,1998
67,Bulgaria,1,67,5/9/1998,9,5,1998
68,Singapore/Taiwan,1,68,8/30/1998,30,8,1998
69,Belgium,1,69,1/21/1999,21,1,1999
70,USA/United Kingdom/Italy,1,70,2/15/1999,15,2,1999
71,United Kingdom/ESA,1,71,2/26/1999,26,2,1999
72,Ecuador,1,72,7/5/2019,5,7,2019
73,China/Italy,1,73,3/21/1999,21,3,1999
74,ESA/USA,1,74,5/20/1999,20,5,1999
75,Morocco/Germany,1,75,9/4/1999,4,9,1999
76,India/Canada,1,76,11/15/1974,15,11,1974
77,Jordan,1,77,12/18/2019,18,12,2019
78,USA/Sweden,1,78,9/26/1999,26,9,1999
79,Chile,1,79,10/19/1999,19,10,1999
80,France/Israel,1,80,11/13/1999,13,11,1999
81,ESA/USA/Russia,1,81,11/24/1999,24,11,1999
82,USA/Japan/Brazil,1,82,1/1/2000,1,1,2000
83,Iran,1,83,1/18/2019,18,1,2019
84,Ethiopia,1,84,6/29/2004,29,6,2004
85,Peru,1,85,6/19/2014,19,6,2014
86,Latvia,1,86,6/29/2004,29,6,2004
87,France/USA,1,87,7/29/2009,29,7,2009
88,USA/Mexico,1,88,7/29/2009,29,7,2009
89,Taiwan,1,89,8/17/2011,17,8,2011
90,Bhutan,1,90,11/21/2013,21,11,2013
91,Bangladesh,1,91,11/21/2013,21,11,2013
92,Nepal,1,92,6/19/2014,19,6,2014
93,Austria,1,93,3/21/2000,21,3,2000
94,USA/France,1,94,5/18/2000,18,5,2000
95,Laos,1,95,5/24/2000,24,5,2000
96,Ukraine,1,96,6/30/2000,30,6,2000
97,Sudan,1,97,7/28/2000,28,7,2000
98,Iraq,1,98,8/17/2000,17,8,2000
99,Qatar,1,99,9/14/2000,14,9,2000
100,Turkmenistan/Monaco,1,100,1/11/2018,11,1,2018
101,Sri Lanka,1,101,10/2/2000,2,10,2000
102,Greece/United Kingdom,1,102,10/7/2000,7,10,2000
,,,103,10/20/2000,20,10,2000
,,,104,10/22/2000,22,10,2000
,,,105,10/29/2000,29,10,2000
,,,106,11/15/2000,15,11,2000
,,,107,11/21/2000,21,11,2000
,,,108,12/19/2000,19,12,2000
,,,109,12/19/2000,19,12,2000
,,,110,2/7/2001,7,2,2001
,,,111,11/6/2014,6,11,2014
,,,112,1/17/2018,17,1,2018
,,,113,11/20/2017,20,11,2017
,,,114,2/27/2001,27,2,2001
,,,115,3/8/2001,8,3,2001
,,,116,5/14/2001,14,5,2001
,,,117,6/9/2001,9,6,2001
,,,118,6/16/2001,16,6,2001
,,,119,8/6/2001,6,8,2001
,,,120,8/30/2001,30,8,2001
,,,121,9/25/2001,25,9,2001
,,,122,1/16/2002,16,1,2002
,,,123,2/21/2002,21,2,2002
,,,124,2/23/2002,23,2,2002
,,,125,3/8/2002,8,3,2002
,,,126,3/29/2002,29,3,2002
,,,127,3/29/2002,29,3,2002
,,,128,3/30/2002,30,3,2002
,,,129,4/16/2002,16,4,2002
,,,130,5/7/2002,7,5,2002
,,,131,1/11/2018,11,1,2018
,,,132,12/3/2018,3,12,2018
,,,133,4/1/2019,1,4,2019
,,,134,9/28/2015,28,9,2015
,,,135,6/5/2002,5,6,2002
,,,136,6/15/2002,15,6,2002
,,,137,12/16/2015,16,12,2015
,,,138,12/6/2019,6,12,2019
,,,139,6/19/2014,19,6,2014
,,,140,7/5/2002,5,7,2002
,,,141,7/5/2002,5,7,2002
,,,142,2/19/2020,19,2,2020
,,,143,8/21/2002,21,8,2002
,,,144,9/6/2002,6,9,2002
,,,145,9/10/2002,10,9,2002
,,,146,9/18/2002,18,9,2002
,,,147,12/4/2002,4,12,2002
,,,148,12/17/2002,17,12,2002
,,,149,2/27/2015,27,2,2015
,,,150,3/24/2016,24,3,2016
,,,151,12/21/2019,21,12,2019
,,,152,7/5/2019,5,7,2019
,,,153,4/28/2012,28,4,2012
,,,154,4/28/2012,28,4,2012
,,,155,9/18/2012,18,9,2012
,,,156,12/29/2002,29,12,2002
,,,157,2/15/2003,15,2,2003
,,,158,3/11/2003,11,3,2003
,,,159,4/8/2003,8,4,2003
,,,160,4/9/2003,9,4,2003
,,,161,5/12/2003,12,5,2003
,,,162,6/10/2003,10,6,2003
,,,163,6/12/2003,12,6,2003
,,,164,8/8/2003,8,8,2003
,,,165,7/25/2015,25,7,2015
,,,166,7/25/2015,25,7,2015
,,,167,2/1/2016,1,2,2016
,,,168,8/29/2003,29,8,2003
,,,169,9/9/2003,9,9,2003
,,,170,10/1/2003,1,10,2003
,,,171,11/24/2003,24,11,2003
,,,172,12/18/2003,18,12,2003
,,,173,2/14/2004,14,2,2004
,,,174,3/13/2004,13,3,2004
,,,175,3/15/2004,15,3,2004
,,,176,5/4/2004,4,5,2004
,,,177,5/19/2004,19,5,2004
,,,178,6/16/2004,16,6,2004
,,,179,7/18/2004,18,7,2004
,,,180,10/14/2004,14,10,2004
,,,181,12/17/2004,17,12,2004
,,,182,2/3/2005,3,2,2005
,,,183,2/12/2005,12,2,2005
,,,184,3/1/2005,1,3,2005
,,,185,3/11/2005,11,3,2005
,,,186,4/12/2005,12,4,2005
,,,187,5/22/2005,22,5,2005
,,,188,6/23/2005,23,6,2005
,,,189,6/24/2005,24,6,2005
,,,190,8/11/2005,11,8,2005
,,,191,8/13/2005,13,8,2005
,,,192,9/9/2005,9,9,2005
,,,193,10/13/2005,13,10,2005
,,,194,10/13/2005,13,10,2005
,,,195,11/8/2005,8,11,2005
,,,196,11/16/2005,16,11,2005
,,,197,11/16/2005,16,11,2005
,,,198,12/21/2005,21,12,2005
,,,199,12/29/2005,29,12,2005
,,,200,2/15/2006,15,2,2006
,,,201,2/18/2006,18,2,2006
,,,202,10/27/2005,27,10,2005
,,,203,3/11/2006,11,3,2006
,,,204,8/10/2018,10,8,2018
,,,205,10/22/2001,22,10,2001
,,,206,6/22/2016,22,6,2016
,,,207,10/8/2015,8,10,2015
,,,208,7/22/2012,22,7,2012
,,,209,11/29/2018,29,11,2018
,,,210,12/3/2018,3,12,2018
,,,211,6/29/2019,29,6,2019
,,,212,8/19/2019,19,8,2019
,,,213,9/26/2016,26,9,2016
,,,214,3/11/2006,11,3,2006
,,,215,4/12/2006,12,4,2006
,,,216,4/20/2006,20,4,2006
,,,217,5/24/2006,24,5,2006
,,,218,4/1/2019,1,4,2019
,,,219,5/27/2006,27,5,2006
,,,220,6/18/2006,18,6,2006
,,,221,12/3/2018,3,12,2018
,,,222,8/4/2006,4,8,2006
,,,223,6/19/2014,19,6,2014
,,,224,11/21/2013,21,11,2013
,,,225,8/19/2014,19,8,2014
,,,226,8/19/2019,19,8,2019
,,,227,8/11/2006,11,8,2006
,,,228,8/11/2006,11,8,2006
,,,229,8/22/2006,22,8,2006
,,,230,10/13/2006,13,10,2006
,,,231,10/13/2006,13,10,2006
,,,232,6/5/2019,5,6,2019
,,,233,6/5/2019,5,6,2019
,,,234,6/19/2014,19,6,2014
,,,235,10/30/2006,30,10,2006
,,,236,4/28/2006,28,4,2006
,,,237,4/28/2008,28,4,2008
,,,238,6/30/2014,30,6,2014
,,,239,6/30/2014,30,6,2014
,,,240,9/26/2016,26,9,2016
,,,241,12/3/2018,3,12,2018
,,,242,5/5/2005,5,5,2005
,,,243,1/10/2007,10,1,2007
,,,244,4/28/2008,28,4,2008
,,,245,7/12/2010,12,7,2010
,,,246,6/22/2016,22,6,2016
,,,247,2/15/2017,15,2,2017
,,,248,6/22/2017,22,6,2017
,,,249,1/11/2018,11,1,2018
,,,250,11/27/2019,27,11,2019
,,,251,9/29/2013,29,9,2013
,,,252,1/31/2019,31,1,2019
,,,253,1/31/2019,31,1,2019
,,,254,11/8/2006,8,11,2006
,,,255,12/7/2014,7,12,2014
,,,256,12/21/2019,21,12,2019
,,,257,7/10/2015,10,7,2015
,,,258,1/11/2018,11,1,2018
,,,259,11/11/2016,11,11,2016
,,,260,11/29/2018,29,11,2018
,,,261,12/3/2018,3,12,2018
,,,262,9/29/2018,29,9,2018
,,,263,12/16/2018,16,12,2018
,,,264,6/22/2017,22,6,2017
,,,265,3/9/2007,9,3,2007
,,,266,10/28/2018,28,10,2018
,,,267,7/23/1999,23,7,1999
,,,268,12/21/2016,21,12,2016
,,,269,12/18/2019,18,12,2019
,,,270,12/16/2018,16,12,2018
,,,271,10/21/2003,21,10,2003
,,,272,11/5/2008,5,11,2008
,,,273,11/20/2011,20,11,2011
,,,274,9/4/2014,4,9,2014
,,,275,7/19/2013,19,7,2013
,,,276,11/6/2014,6,11,2014
,,,277,12/8/2006,8,12,2006
,,,278,12/8/2006,8,12,2006
,,,279,7/14/2017,14,7,2017
,,,280,11/10/2018,10,11,2018
,,,281,7/14/2017,14,7,2017
,,,282,7/14/2017,14,7,2017
,,,283,6/23/2017,23,6,2017
,,,284,1/11/2018,11,1,2018
,,,285,11/29/2018,29,11,2018
,,,286,12/11/2006,11,12,2006
,,,287,9/13/2012,13,9,2012
,,,288,1/31/2020,31,1,2020
,,,289,2/17/2007,17,2,2007
,,,290,4/28/2006,28,4,2006
,,,291,6/23/2017,23,6,2017
,,,292,2/17/2007,17,2,2007
,,,293,2/17/2007,17,2,2007
,,,294,3/11/2007,11,3,2007
,,,295,12/19/2014,19,12,2014
,,,296,1/6/2003,6,1,2003
,,,297,6/25/2019,25,6,2019
,,,298,6/25/2019,25,6,2019
,,,299,6/25/2019,25,6,2019
,,,300,6/25/2019,25,6,2019
,,,301,6/25/2019,25,6,2019
,,,302,6/25/2019,25,6,2019
,,,303,4/15/2006,15,4,2006
,,,304,4/15/2006,15,4,2006
,,,305,4/15/2006,15,4,2006
,,,306,4/15/2006,15,4,2006
,,,307,4/15/2006,15,4,2006
,,,308,3/31/2015,31,3,2015
,,,309,6/23/2017,23,6,2017
,,,310,7/10/2019,10,7,2019
,,,311,7/10/2019,10,7,2019
,,,312,11/25/2019,25,11,2019
,,,313,11/25/2019,25,11,2019
,,,314,7/10/2019,10,7,2019
,,,315,7/10/2019,10,7,2019
,,,316,6/8/2007,8,6,2007
,,,317,12/9/2007,9,12,2007
,,,318,10/25/2008,25,10,2008
,,,319,11/6/2010,6,11,2010
,,,320,1/31/2015,31,1,2015
,,,321,4/8/2010,8,4,2010
,,,322,12/18/2019,18,12,2019
,,,323,12/3/2018,3,12,2018
,,,324,12/19/2018,19,12,2018
,,,325,11/21/2013,21,11,2013
,,,326,7/13/2018,13,7,2018
,,,327,12/16/2018,16,12,2018
,,,328,6/30/2003,30,6,2003
,,,329,12/15/2016,15,12,2016
,,,330,12/15/2016,15,12,2016
,,,331,12/15/2016,15,12,2016
,,,332,12/15/2016,15,12,2016
,,,333,12/15/2016,15,12,2016
,,,334,12/15/2016,15,12,2016
,,,335,12/15/2016,15,12,2016
,,,336,12/15/2016,15,12,2016
,,,337,5/24/2014,24,5,2014
,,,338,12/17/2015,17,12,2015
,,,339,9/15/2018,15,9,2018
,,,340,12/16/2018,16,12,2018
,,,341,9/19/2015,19,9,2015
,,,342,7/29/2009,29,7,2009
,,,343,6/19/2014,19,6,2014
,,,344,4/28/2008,28,4,2008
,,,345,1/31/2019,31,1,2019
,,,346,11/20/2017,20,11,2017
,,,347,8/26/2017,26,8,2017
,,,348,6/23/2017,23,6,2017
,,,349,6/23/2017,23,6,2017
,,,350,6/23/2017,23,6,2017
,,,351,2/15/2017,15,2,2017
,,,352,3/11/2007,11,3,2007
,,,353,4/9/2007,9,4,2007
,,,354,5/4/2007,4,5,2007
,,,355,5/4/2007,4,5,2007
,,,356,7/6/2007,6,7,2007
,,,357,7/7/2007,7,7,2007
,,,358,8/14/2007,14,8,2007
,,,359,8/14/2007,14,8,2007
,,,360,9/2/2007,2,9,2007
,,,361,4/27/2016,27,4,2016
,,,362,10/29/2018,29,10,2018
,,,363,5/26/1999,26,5,1999
,,,364,7/10/2015,10,7,2015
,,,365,7/10/2015,10,7,2015
,,,366,7/10/2015,10,7,2015
,,,367,4/4/1997,4,4,1997
,,,368,12/12/1999,12,12,1999
,,,369,10/18/2003,18,10,2003
,,,370,11/4/2006,4,11,2006
,,,371,10/18/2009,18,10,2009
,,,372,11/27/2019,27,11,2019
,,,373,6/19/2014,19,6,2014
,,,374,6/19/2014,19,6,2014
,,,375,6/19/2014,19,6,2014
,,,376,6/19/2014,19,6,2014
,,,377,6/19/2014,19,6,2014
,,,378,6/19/2014,19,6,2014
,,,379,6/19/2014,19,6,2014
,,,380,6/19/2014,19,6,2014
,,,381,6/19/2014,19,6,2014
,,,382,6/19/2014,19,6,2014
,,,383,6/19/2014,19,6,2014
,,,384,4/19/2013,19,4,2013
,,,385,7/14/2017,14,7,2017
,,,386,7/14/2017,14,7,2017
,,,387,7/14/2017,14,7,2017
,,,388,7/14/2017,14,7,2017
,,,389,7/14/2017,14,7,2017
,,,390,7/14/2017,14,7,2017
,,,391,7/14/2017,14,7,2017
,,,392,7/14/2017,14,7,2017
,,,393,7/14/2017,14,7,2017
,,,394,7/14/2017,14,7,2017
,,,395,7/14/2017,14,7,2017
,,,396,7/14/2017,14,7,2017
,,,397,7/14/2017,14,7,2017
,,,398,7/14/2017,14,7,2017
,,,399,7/14/2017,14,7,2017
,,,400,7/14/2017,14,7,2017
,,,401,7/14/2017,14,7,2017
,,,402,7/14/2017,14,7,2017
,,,403,7/14/2017,14,7,2017
,,,404,7/14/2017,14,7,2017
,,,405,7/14/2017,14,7,2017
,,,406,7/14/2017,14,7,2017
,,,407,7/14/2017,14,7,2017
,,,408,7/14/2017,14,7,2017
,,,409,7/14/2017,14,7,2017
,,,410,7/14/2017,14,7,2017
,,,411,7/14/2017,14,7,2017
,,,412,7/14/2017,14,7,2017
,,,413,7/14/2017,14,7,2017
,,,414,7/14/2017,14,7,2017
,,,415,7/14/2017,14,7,2017
,,,416,7/14/2017,14,7,2017
,,,417,7/14/2017,14,7,2017
,,,418,7/14/2017,14,7,2017
,,,419,7/14/2017,14,7,2017
,,,420,7/14/2017,14,7,2017
,,,421,7/14/2017,14,7,2017
,,,422,7/14/2017,14,7,2017
,,,423,7/14/2017,14,7,2017
,,,424,7/14/2017,14,7,2017
,,,425,7/14/2017,14,7,2017
,,,426,7/14/2017,14,7,2017
,,,427,7/14/2017,14,7,2017
,,,428,7/14/2017,14,7,2017
,,,429,7/14/2017,14,7,2017
,,,430,7/14/2017,14,7,2017
,,,431,7/14/2017,14,7,2017
,,,432,6/22/2016,22,6,2016
,,,433,6/22/2016,22,6,2016
,,,434,6/22/2016,22,6,2016
,,,435,6/22/2016,22,6,2016
,,,436,6/22/2016,22,6,2016
,,,437,6/22/2016,22,6,2016
,,,438,6/22/2016,22,6,2016
,,,439,6/22/2016,22,6,2016
,,,440,6/22/2016,22,6,2016
,,,441,6/22/2016,22,6,2016
,,,442,6/22/2016,22,6,2016
,,,443,6/22/2016,22,6,2016
,,,444,11/21/2013,21,11,2013
,,,445,12/27/2018,27,12,2018
,,,446,12/27/2018,27,12,2018
,,,447,12/27/2018,27,12,2018
,,,448,12/27/2018,27,12,2018
,,,449,12/27/2018,27,12,2018
,,,450,12/27/2018,27,12,2018
,,,451,12/27/2018,27,12,2018
,,,452,12/27/2018,27,12,2018
,,,453,12/27/2018,27,12,2018
,,,454,12/27/2018,27,12,2018
,,,455,12/27/2018,27,12,2018
,,,456,12/27/2018,27,12,2018
,,,457,10/31/2017,31,10,2017
,,,458,10/31/2017,31,10,2017
,,,459,10/31/2017,31,10,2017
,,,460,10/31/2017,31,10,2017
,,,461,2/14/2017,14,2,2017
,,,462,1/11/2018,11,1,2018
,,,463,2/14/2017,14,2,2017
,,,464,2/14/2017,14,2,2017
,,,465,2/14/2017,14,2,2017
,,,466,2/14/2017,14,2,2017
,,,467,2/14/2017,14,2,2017
,,,468,2/14/2017,14,2,2017
,,,469,2/14/2017,14,2,2017
,,,470,2/14/2017,14,2,2017
,,,471,2/14/2017,14,2,2017
,,,472,2/14/2017,14,2,2017
,,,473,2/14/2017,14,2,2017
,,,474,1/11/2018,11,1,2018
,,,475,2/14/2017,14,2,2017
,,,476,2/14/2017,14,2,2017
,,,477,2/14/2017,14,2,2017
,,,478,2/14/2017,14,2,2017
,,,479,2/14/2017,14,2,2017
,,,480,2/14/2017,14,2,2017
,,,481,2/14/2017,14,2,2017
,,,482,2/14/2017,14,2,2017
,,,483,2/14/2017,14,2,2017
,,,484,2/14/2017,14,2,2017
,,,485,1/11/2018,11,1,2018
,,,486,2/14/2017,14,2,2017
,,,487,2/14/2017,14,2,2017
,,,488,2/14/2017,14,2,2017
,,,489,2/14/2017,14,2,2017
,,,490,2/14/2017,14,2,2017
,,,491,2/14/2017,14,2,2017
,,,492,2/14/2017,14,2,2017
,,,493,2/14/2017,14,2,2017
,,,494,2/14/2017,14,2,2017
,,,495,2/14/2017,14,2,2017
,,,496,2/14/2017,14,2,2017
,,,497,2/14/2017,14,2,2017
,,,498,1/11/2018,11,1,2018
,,,499,2/14/2017,14,2,2017
,,,500,2/14/2017,14,2,2017
,,,501,2/14/2017,14,2,2017
,,,502,2/14/2017,14,2,2017
,,,503,2/14/2017,14,2,2017
,,,504,2/14/2017,14,2,2017
,,,505,2/14/2017,14,2,2017
,,,506,2/14/2017,14,2,2017
,,,507,2/14/2017,14,2,2017
,,,508,2/14/2017,14,2,2017
,,,509,2/14/2017,14,2,2017
,,,510,2/14/2017,14,2,2017
,,,511,2/14/2017,14,2,2017
,,,512,2/14/2017,14,2,2017
,,,513,2/14/2017,14,2,2017
,,,514,2/14/2017,14,2,2017
,,,515,2/14/2017,14,2,2017
,,,516,2/14/2017,14,2,2017
,,,517,2/14/2017,14,2,2017
,,,518,2/14/2017,14,2,2017
,,,519,2/14/2017,14,2,2017
,,,520,2/14/2017,14,2,2017
,,,521,2/14/2017,14,2,2017
,,,522,2/14/2017,14,2,2017
,,,523,2/14/2017,14,2,2017
,,,524,2/14/2017,14,2,2017
,,,525,2/14/2017,14,2,2017
,,,526,2/14/2017,14,2,2017
,,,527,2/14/2017,14,2,2017
,,,528,2/14/2017,14,2,2017
,,,529,2/14/2017,14,2,2017
,,,530,2/14/2017,14,2,2017
,,,531,2/14/2017,14,2,2017
,,,532,2/14/2017,14,2,2017
,,,533,2/14/2017,14,2,2017
,,,534,2/14/2017,14,2,2017
,,,535,2/14/2017,14,2,2017
,,,536,2/14/2017,14,2,2017
,,,537,2/14/2017,14,2,2017
,,,538,2/14/2017,14,2,2017
,,,539,2/14/2017,14,2,2017
,,,540,2/14/2017,14,2,2017
,,,541,2/14/2017,14,2,2017
,,,542,2/14/2017,14,2,2017
,,,543,2/14/2017,14,2,2017
,,,544,2/14/2017,14,2,2017
,,,545,2/14/2017,14,2,2017
,,,546,2/14/2017,14,2,2017
,,,547,2/14/2017,14,2,2017
,,,548,2/14/2017,14,2,2017
,,,549,2/14/2017,14,2,2017
,,,550,2/14/2017,14,2,2017
,,,551,2/14/2017,14,2,2017
,,,552,2/14/2017,14,2,2017
,,,553,10/29/2018,29,10,2018
,,,554,11/29/2018,29,11,2018
,,,555,11/29/2018,29,11,2018
,,,556,11/29/2018,29,11,2018
,,,557,10/29/2018,29,10,2018
,,,558,10/29/2018,29,10,2018
,,,559,10/29/2018,29,10,2018
,,,560,10/29/2018,29,10,2018
,,,561,10/29/2018,29,10,2018
,,,562,10/29/2018,29,10,2018
,,,563,10/29/2018,29,10,2018
,,,564,11/29/2018,29,11,2018
,,,565,11/29/2018,29,11,2018
,,,566,10/29/2018,29,10,2018
,,,567,11/29/2018,29,11,2018
,,,568,10/29/2018,29,10,2018
,,,569,12/3/2018,3,12,2018
,,,570,12/3/2018,3,12,2018
,,,571,12/3/2018,3,12,2018
,,,572,4/1/2019,1,4,2019
,,,573,4/1/2019,1,4,2019
,,,574,4/1/2019,1,4,2019
,,,575,4/1/2019,1,4,2019
,,,576,4/1/2019,1,4,2019
,,,577,4/1/2019,1,4,2019
,,,578,4/1/2019,1,4,2019
,,,579,4/1/2019,1,4,2019
,,,580,4/1/2019,1,4,2019
,,,581,4/1/2019,1,4,2019
,,,582,4/1/2019,1,4,2019
,,,583,4/1/2019,1,4,2019
,,,584,4/1/2019,1,4,2019
,,,585,4/1/2019,1,4,2019
,,,586,4/1/2019,1,4,2019
,,,587,4/1/2019,1,4,2019
,,,588,4/1/2019,1,4,2019
,,,589,4/1/2019,1,4,2019
,,,590,4/1/2019,1,4,2019
,,,591,11/27/2019,27,11,2019
,,,592,11/27/2019,27,11,2019
,,,593,11/27/2019,27,11,2019
,,,594,11/27/2019,27,11,2019
,,,595,11/27/2019,27,11,2019
,,,596,11/27/2019,27,11,2019
,,,597,11/27/2019,27,11,2019
,,,598,11/27/2019,27,11,2019
,,,599,11/27/2019,27,11,2019
,,,600,11/27/2019,27,11,2019
,,,601,11/27/2019,27,11,2019
,,,602,4/1/2019,1,4,2019
,,,603,10/5/2007,5,10,2007
,,,604,10/5/2007,5,10,2007
,,,605,10/11/2007,11,10,2007
,,,606,11/14/2007,14,11,2007
,,,607,11/14/2007,14,11,2007
,,,608,11/17/2007,17,11,2007
,,,609,12/21/2007,21,12,2007
,,,610,1/15/2008,15,1,2008
,,,611,1/28/2008,28,1,2008
,,,612,2/11/2008,11,2,2008
,,,613,3/19/2008,19,3,2008
,,,614,12/27/2018,27,12,2018
,,,615,4/14/2008,14,4,2008
,,,616,11/21/2013,21,11,2013
,,,617,6/19/2014,19,6,2014
,,,618,12/11/2019,11,12,2019
,,,619,7/8/2014,8,7,2014
,,,620,4/18/2008,18,4,2008
,,,621,12/3/2018,3,12,2018
,,,622,11/20/2017,20,11,2017
,,,623,4/18/2008,18,4,2008
,,,624,4/25/2008,25,4,2008
,,,625,4/28/2008,28,4,2008
,,,626,5/21/2008,21,5,2008
,,,627,6/9/2008,9,6,2008
,,,628,6/12/2008,12,6,2008
,,,629,6/12/2008,12,6,2008
,,,630,7/7/2008,7,7,2008
,,,631,7/7/2008,7,7,2008
,,,632,7/16/2008,16,7,2008
,,,633,8/14/2008,14,8,2008
,,,634,8/14/2008,14,8,2008
,,,635,8/18/2008,18,8,2008
,,,636,7/5/2019,5,7,2019
,,,637,9/19/2008,19,9,2008
,,,638,2/21/2019,21,2,2019
,,,639,11/17/2015,17,11,2015
,,,640,5/25/2017,25,5,2017
,,,641,9/26/2019,26,9,2019
,,,642,7/5/2019,5,7,2019
,,,643,9/24/2008,24,9,2008
,,,644,11/5/2008,5,11,2008
,,,645,12/10/2008,10,12,2008
,,,646,12/20/2008,20,12,2008
,,,647,12/20/2008,20,12,2008
,,,648,12/17/2011,17,12,2011
,,,649,12/17/2011,17,12,2011
,,,650,12/17/2011,17,12,2011
,,,651,12/17/2011,17,12,2011
,,,652,4/1/2019,1,4,2019
,,,653,3/29/2018,29,3,2018
,,,654,12/18/1999,18,12,1999
,,,655,7/15/2004,15,7,2004
,,,656,5/4/2002,4,5,2002
,,,657,7/13/2018,13,7,2018
,,,658,1/18/2009,18,1,2009
,,,659,4/25/2006,25,4,2006
,,,660,12/3/2018,3,12,2018
,,,661,2/11/2009,11,2,2009
,,,662,2/11/2009,11,2,2009
,,,663,2/11/2009,11,2,2009
,,,664,2/11/2009,11,2,2009
,,,665,12/20/2019,20,12,2019
,,,666,12/3/2018,3,12,2018
,,,667,2/11/2009,11,2,2009
,,,668,2/26/2009,26,2,2009
,,,669,4/3/2009,3,4,2009
,,,670,4/4/2009,4,4,2009
,,,671,4/20/2009,20,4,2009
,,,672,5/16/2009,16,5,2009
,,,673,6/21/2009,21,6,2009
,,,674,6/27/2009,27,6,2009
,,,675,6/30/2009,30,6,2009
,,,676,7/1/2009,1,7,2009
,,,677,8/11/2009,11,8,2009
,,,678,8/21/2009,21,8,2009
,,,679,8/21/2009,21,8,2009
,,,680,8/31/2009,31,8,2009
,,,681,9/8/2009,8,9,2009
,,,682,9/17/2009,17,9,2009
,,,683,10/1/2009,1,10,2009
,,,684,10/1/2009,1,10,2009
,,,685,10/29/2009,29,10,2009
,,,686,10/29/2009,29,10,2009
,,,687,11/23/2009,23,11,2009
,,,688,11/24/2009,24,11,2009
,,,689,11/30/2009,30,11,2009
,,,690,12/6/2009,6,12,2009
,,,691,12/29/2009,29,12,2009
,,,692,1/16/2010,16,1,2010
,,,693,1/28/2010,28,1,2010
,,,694,2/11/2010,11,2,2010
,,,695,2/12/2010,12,2,2010
,,,696,3/4/2010,4,3,2010
,,,697,7/22/2012,22,7,2012
,,,698,8/17/2011,17,8,2011
,,,699,9/28/2015,28,9,2015
,,,700,12/3/2018,3,12,2018
,,,701,7/5/2019,5,7,2019
,,,702,3/20/2010,20,3,2010
,,,703,4/24/2010,24,4,2010
,,,704,5/21/2010,21,5,2010
,,,705,5/21/2010,21,5,2010
,,,706,6/3/2010,3,6,2010
,,,707,6/26/2010,26,6,2010
,,,708,6/26/2010,26,6,2010
,,,709,7/10/2010,10,7,2010
,,,710,7/31/2010,31,7,2010
,,,711,8/4/2010,4,8,2010
,,,712,12/3/2018,3,12,2018
,,,713,12/18/2019,18,12,2019
,,,714,11/29/2018,29,11,2018
,,,715,3/9/2007,9,3,2007
,,,716,12/3/2018,3,12,2018
,,,717,8/4/2010,4,8,2010
,,,718,11/20/2010,20,11,2010
,,,719,2/2/2018,2,2,2018
,,,720,11/20/2012,20,11,2012
,,,721,9/4/2010,4,9,2010
,,,722,9/11/2010,11,9,2010
,,,723,10/14/2010,14,10,2010
,,,724,11/4/2010,4,11,2010
,,,725,9/23/2013,23,9,2013
,,,726,11/14/2017,14,11,2017
,,,727,10/28/2010,28,10,2010
,,,728,6/11/2008,11,6,2008
,,,729,9/21/2010,21,9,2010
,,,730,4/3/2012,3,4,2012
,,,731,12/6/2013,6,12,2013
,,,732,2/10/2016,10,2,2016
,,,733,1/12/2018,12,1,2018
,,,734,1/31/2015,31,1,2015
,,,735,1/31/2015,31,1,2015
,,,736,12/20/2019,20,12,2019
,,,737,7/14/2017,14,7,2017
,,,738,10/31/2010,31,10,2010
,,,739,8/25/2017,25,8,2017
,,,740,8/29/1997,29,8,1997
,,,741,12/6/2019,6,12,2019
,,,742,10/8/2015,8,10,2015
,,,743,12/3/2018,3,12,2018
,,,744,1/11/2018,11,1,2018
,,,745,11/21/2013,21,11,2013
,,,746,11/14/2010,14,11,2010
,,,747,11/21/2010,21,11,2010
,,,748,11/24/2010,24,11,2010
,,,749,11/26/2010,26,11,2010
,,,750,11/26/2010,26,11,2010
,,,751,12/17/2010,17,12,2010
,,,752,12/26/2010,26,12,2010
,,,753,12/29/2010,29,12,2010
,,,754,12/29/2010,29,12,2010
,,,755,1/20/2011,20,1,2011
,,,756,3/2/2011,2,3,2011
,,,757,4/9/2011,9,4,2011
,,,758,8/22/2014,22,8,2014
,,,759,5/24/2016,24,5,2016
,,,760,5/24/2016,24,5,2016
,,,761,11/17/2016,17,11,2016
,,,762,11/17/2016,17,11,2016
,,,763,11/17/2016,17,11,2016
,,,764,12/13/2017,13,12,2017
,,,765,12/13/2017,13,12,2017
,,,766,12/13/2017,13,12,2017
,,,767,12/13/2017,13,12,2017
,,,768,7/25/2018,25,7,2018
,,,769,8/22/2014,22,8,2014
,,,770,7/25/2018,25,7,2018
,,,771,7/25/2018,25,7,2018
,,,772,7/25/2018,25,7,2018
,,,773,3/27/2015,27,3,2015
,,,774,3/27/2015,27,3,2015
,,,775,9/11/2015,11,9,2015
,,,776,9/11/2015,11,9,2015
,,,777,11/17/2016,17,11,2016
,,,778,12/17/2015,17,12,2015
,,,779,12/17/2015,17,12,2015
,,,780,10/21/2011,21,10,2011
,,,781,10/21/2011,21,10,2011
,,,782,10/12/2012,12,10,2012
,,,783,10/12/2012,12,10,2012
,,,784,4/26/2013,26,4,2013
,,,785,10/4/2019,4,10,2019
,,,786,4/22/2011,22,4,2011
,,,787,11/28/2019,28,11,2019
,,,788,8/19/2014,19,8,2014
,,,789,8/9/2016,9,8,2016
,,,790,4/22/2011,22,4,2011
,,,791,11/3/2019,3,11,2019
,,,792,6/26/2015,26,6,2015
,,,793,9/14/2015,14,9,2015
,,,794,3/30/2018,30,3,2018
,,,795,3/30/2018,30,3,2018
,,,796,3/30/2018,30,3,2018
,,,797,5/8/2018,8,5,2018
,,,798,6/3/2018,3,6,2018
,,,799,5/7/2011,7,5,2011
,,,800,5/20/2011,20,5,2011
,,,801,11/21/2013,21,11,2013
,,,802,12/22/2017,22,12,2017
,,,803,5/20/2015,20,5,2015
,,,804,7/12/2006,12,7,2006
,,,805,6/28/2007,28,6,2007
,,,806,6/5/2016,5,6,2016
,,,807,8/30/2019,30,8,2019
,,,808,9/6/2008,6,9,2008
,,,809,5/20/2011,20,5,2011
,,,810,5/20/2011,20,5,2011
,,,811,7/24/1992,24,7,1992
,,,812,6/22/2016,22,6,2016
,,,813,5/17/2012,17,5,2012
,,,814,3/15/1999,15,3,1999
,,,815,5/29/2007,29,5,2007
,,,816,10/20/2007,20,10,2007
,,,817,10/20/2007,20,10,2007
,,,818,5/29/2007,29,5,2007
,,,819,10/20/2007,20,10,2007
,,,820,5/29/2007,29,5,2007
,,,821,5/29/2007,29,5,2007
,,,822,10/19/2010,19,10,2010
,,,823,10/19/2010,19,10,2010
,,,824,10/19/2010,19,10,2010
,,,825,10/19/2010,19,10,2010
,,,826,10/19/2010,19,10,2010
,,,827,2/6/2013,6,2,2013
,,,828,10/19/2010,19,10,2010
,,,829,12/28/2011,28,12,2011
,,,830,7/13/2011,13,7,2011
,,,831,12/28/2011,28,12,2011
,,,832,7/13/2011,13,7,2011
,,,833,12/28/2011,28,12,2011
,,,834,7/13/2011,13,7,2011
,,,835,12/28/2011,28,12,2011
,,,836,7/13/2011,13,7,2011
,,,837,7/13/2011,13,7,2011
,,,838,12/28/2011,28,12,2011
,,,839,7/13/2011,13,7,2011
,,,840,12/28/2011,28,12,2011
,,,841,2/6/2013,6,2,2013
,,,842,2/6/2013,6,2,2013
,,,843,2/6/2013,6,2,2013
,,,844,2/6/2013,6,2,2013
,,,845,2/6/2013,6,2,2013
,,,846,2/26/2011,26,2,2011
,,,847,12/1/2014,1,12,2014
,,,848,12/25/2006,25,12,2006
,,,849,12/25/2006,25,12,2006
,,,850,10/26/2007,26,10,2007
,,,851,10/26/2007,26,10,2007
,,,852,12/25/2007,25,12,2007
,,,853,12/25/2007,25,12,2007
,,,854,12/14/2009,14,12,2009
,,,855,3/1/2010,1,3,2010
,,,856,3/1/2010,1,3,2010
,,,857,12/14/2009,14,12,2009
,,,858,3/1/2010,1,3,2010
,,,859,9/2/2010,2,9,2010
,,,860,10/2/2011,2,10,2011
,,,861,11/4/2011,4,11,2011
,,,862,11/4/2011,4,11,2011
,,,863,11/4/2011,4,11,2011
,,,864,4/26/2013,26,4,2013
,,,865,2/7/2016,7,2,2016
,,,866,9/22/2017,22,9,2017
,,,867,5/29/2016,29,5,2016
,,,868,6/14/2014,14,6,2014
,,,869,6/18/2018,18,6,2018
,,,870,11/3/2018,3,11,2018
,,,871,5/27/2019,27,5,2019
,,,872,12/11/2019,11,12,2019
,,,873,2/16/2020,16,2,2020
,,,874,6/20/2011,20,6,2011
,,,875,7/11/2011,11,7,2011
,,,876,7/15/2011,15,7,2011
,,,877,7/15/2011,15,7,2011
,,,878,7/15/2011,15,7,2011
,,,879,12/5/2016,5,12,2016
,,,880,12/18/2012,18,12,2012
,,,881,2/2/2018,2,2,2018
,,,882,2/2/2018,2,2,2018
,,,883,7/28/2012,28,7,2012
,,,884,7/28/2012,28,7,2012
,,,885,9/8/2010,8,9,2010
,,,886,3/31/2015,31,3,2015
,,,887,3/31/2015,31,3,2015
,,,888,3/31/2015,31,3,2015
,,,889,9/11/2013,11,9,2013
,,,890,9/11/2013,11,9,2013
,,,891,9/11/2013,11,9,2013
,,,892,7/3/2014,3,7,2014
,,,893,7/3/2014,3,7,2014
,,,894,7/3/2014,3,7,2014
,,,895,12/26/2019,26,12,2019
,,,896,12/26/2019,26,12,2019
,,,897,12/26/2019,26,12,2019
,,,898,10/29/2018,29,10,2018
,,,899,7/26/2011,26,7,2011
,,,900,6/25/2019,25,6,2019
,,,901,2/27/2014,27,2,2014
,,,902,5/22/2018,22,5,2018
,,,903,5/22/2018,22,5,2018
,,,904,1/23/2009,23,1,2009
,,,905,1/31/2015,31,1,2015
,,,906,12/27/2018,27,12,2018
,,,907,8/6/2011,6,8,2011
,,,908,8/6/2011,6,8,2011
,,,909,8/11/2011,11,8,2011
,,,910,9/18/2011,18,9,2011
,,,911,9/20/2011,20,9,2011
,,,912,9/21/2011,21,9,2011
,,,913,9/21/2011,21,9,2011
,,,914,9/24/2011,24,9,2011
,,,915,9/29/2011,29,9,2011
,,,916,10/5/2011,5,10,2011
,,,917,10/7/2011,7,10,2011
,,,918,10/19/2011,19,10,2011
,,,919,11/25/2011,25,11,2011
,,,920,12/1/2011,1,12,2011
,,,921,12/11/2011,11,12,2011
,,,922,12/17/2011,17,12,2011
,,,923,1/12/2012,12,1,2012
,,,924,1/20/2012,20,1,2012
,,,925,2/14/2012,14,2,2012
,,,926,2/24/2012,24,2,2012
,,,927,9/7/2018,7,9,2018
,,,928,8/15/2011,15,8,2011
,,,929,10/24/2018,24,10,2018
,,,930,7/13/2018,13,7,2018
,,,931,12/3/2018,3,12,2018
,,,932,12/3/2018,3,12,2018
,,,933,12/3/2018,3,12,2018
,,,934,11/14/2017,14,11,2017
,,,935,12/7/2019,7,12,2019
,,,936,12/7/2019,7,12,2019
,,,937,12/18/2004,18,12,2004
,,,938,12/18/2009,18,12,2009
,,,939,2/24/2012,24,2,2012
,,,940,3/25/2012,25,3,2012
,,,941,3/31/2012,31,3,2012
,,,942,2/5/2002,5,2,2002
,,,943,4/23/2012,23,4,2012
,,,944,5/3/2012,3,5,2012
,,,945,5/15/2012,15,5,2012
,,,946,5/15/2012,15,5,2012
,,,947,10/22/2006,22,10,2006
,,,948,5/18/2012,18,5,2012
,,,949,5/26/2012,26,5,2012
,,,950,6/1/2012,1,6,2012
,,,951,6/20/2012,20,6,2012
,,,952,6/29/2012,29,6,2012
,,,953,9/5/2008,5,9,2008
,,,954,9/5/2008,5,9,2008
,,,955,11/18/2012,18,11,2012
,,,956,11/6/2014,6,11,2014
,,,957,6/19/2014,19,6,2014
,,,958,6/19/2014,19,6,2014
,,,959,12/29/2018,29,12,2018
,,,960,12/21/2018,21,12,2018
,,,961,7/5/2012,5,7,2012
,,,962,7/5/2012,5,7,2012
,,,963,5/17/2012,17,5,2012
,,,964,11/29/2018,29,11,2018
,,,965,11/3/2019,3,11,2019
,,,966,4/25/1990,25,4,1990
,,,967,1/18/2018,18,1,2018
,,,968,1/31/2020,31,1,2020
,,,969,6/15/2017,15,6,2017
,,,970,7/9/2012,9,7,2012
,,,971,7/25/2012,25,7,2012
,,,972,8/2/2012,2,8,2012
,,,973,11/29/2018,29,11,2018
,,,974,9/15/2018,15,9,2018
,,,975,1/11/2018,11,1,2018
,,,976,12/3/2018,3,12,2018
,,,977,5/5/2019,5,5,2019
,,,978,7/5/2019,5,7,2019
,,,979,7/5/2019,5,7,2019
,,,980,10/11/2019,11,10,2019
,,,981,3/26/2015,26,3,2015
,,,982,2/26/2018,26,2,2018
,,,983,2/9/2020,9,2,2020
,,,984,3/16/2017,16,3,2017
,,,985,6/12/2018,12,6,2018
,,,986,11/28/2009,28,11,2009
,,,987,9/23/2011,23,9,2011
,,,988,12/12/2011,12,12,2011
,,,989,1/27/2013,27,1,2013
,,,990,1/27/2013,27,1,2013
,,,991,1/31/2015,31,1,2015
,,,992,6/28/2006,28,6,2006
,,,993,3/13/2008,13,3,2008
,,,994,12/13/2014,13,12,2014
,,,995,9/24/2017,24,9,2017
,,,996,8/2/2012,2,8,2012
,,,997,8/19/2012,19,8,2012
,,,998,8/30/2012,30,8,2012
,,,999,8/30/2012,30,8,2012
,,,1000,9/28/2012,28,9,2012
,,,1001,9/28/2012,28,9,2012
,,,1002,10/14/2012,14,10,2012
,,,1003,10/25/2012,25,10,2012
,,,1004,11/2/2012,2,11,2012
,,,1005,11/2/2012,2,11,2012
,,,1006,11/10/2012,10,11,2012
,,,1007,11/10/2012,10,11,2012
,,,1008,11/20/2012,20,11,2012
,,,1009,11/27/2012,27,11,2012
,,,1010,12/3/2012,3,12,2012
,,,1011,12/8/2012,8,12,2012
,,,1012,1/11/2018,11,1,2018
,,,1013,12/19/2012,19,12,2012
,,,1014,12/19/2012,19,12,2012
,,,1015,1/31/2013,31,1,2013
,,,1016,2/7/2013,7,2,2013
,,,1017,10/17/2002,17,10,2002
,,,1018,2/7/2013,7,2,2013
,,,1019,3/19/2013,19,3,2013
,,,1020,3/26/2013,26,3,2013
,,,1021,4/15/2013,15,4,2013
,,,1022,5/1/2013,1,5,2013
,,,1023,5/14/2013,14,5,2013
,,,1024,5/25/2013,25,5,2013
,,,1025,6/3/2013,3,6,2013
,,,1026,7/1/2013,1,7,2013
,,,1027,7/19/2013,19,7,2013
,,,1028,7/25/2013,25,7,2013
,,,1029,7/25/2013,25,7,2013
,,,1030,8/8/2013,8,8,2013
,,,1031,8/29/2013,29,8,2013
,,,1032,8/29/2013,29,8,2013
,,,1033,8/31/2013,31,8,2013
,,,1034,9/14/2013,14,9,2013
,,,1035,9/18/2013,18,9,2013
,,,1036,9/29/2013,29,9,2013
,,,1037,10/25/2013,25,10,2013
,,,1038,11/11/2013,11,11,2013
,,,1039,12/3/2013,3,12,2013
,,,1040,12/8/2013,8,12,2013
,,,1041,12/20/2013,20,12,2013
,,,1042,12/26/2013,26,12,2013
,,,1043,1/5/2014,5,1,2014
,,,1044,1/6/2014,6,1,2014
,,,1045,1/23/2014,23,1,2014
,,,1046,2/6/2014,6,2,2014
,,,1047,2/6/2014,6,2,2014
,,,1048,2/14/2014,14,2,2014
,,,1049,3/15/2014,15,3,2014
,,,1050,3/15/2014,15,3,2014
,,,1051,3/22/2014,22,3,2014
,,,1052,3/22/2014,22,3,2014
,,,1053,11/20/1998,20,11,1998
,,,1054,10/19/2008,19,10,2008
,,,1055,7/3/2019,3,7,2019
,,,1056,12/20/1997,20,12,1997
,,,1057,3/25/1998,25,3,1998
,,,1058,2/11/2002,11,2,2002
,,,1059,1/14/2017,14,1,2017
,,,1060,1/14/2017,14,1,2017
,,,1061,1/14/2017,14,1,2017
,,,1062,1/14/2017,14,1,2017
,,,1063,1/14/2017,14,1,2017
,,,1064,10/9/2017,9,10,2017
,,,1065,1/14/2017,14,1,2017
,,,1066,1/14/2017,14,1,2017
,,,1067,5/22/2018,22,5,2018
,,,1068,1/14/2017,14,1,2017
,,,1069,1/14/2017,14,1,2017
,,,1070,6/25/2017,25,6,2017
,,,1071,1/14/2017,14,1,2017
,,,1072,6/25/2017,25,6,2017
,,,1073,12/23/2017,23,12,2017
,,,1074,6/25/2017,25,6,2017
,,,1075,6/25/2017,25,6,2017
,,,1076,10/9/2017,9,10,2017
,,,1077,6/25/2017,25,6,2017
,,,1078,6/25/2017,25,6,2017
,,,1079,10/9/2017,9,10,2017
,,,1080,6/25/2017,25,6,2017
,,,1081,6/25/2017,25,6,2017
,,,1082,10/9/2017,9,10,2017
,,,1083,6/25/2017,25,6,2017
,,,1084,10/9/2017,9,10,2017
,,,1085,6/25/2017,25,6,2017
,,,1086,10/9/2017,9,10,2017
,,,1087,12/23/2017,23,12,2017
,,,1088,12/23/2017,23,12,2017
,,,1089,10/9/2017,9,10,2017
,,,1090,10/9/2017,9,10,2017
,,,1091,12/23/2017,23,12,2017
,,,1092,12/23/2017,23,12,2017
,,,1093,10/9/2017,9,10,2017
,,,1094,12/23/2017,23,12,2017
,,,1095,12/23/2017,23,12,2017
,,,1096,10/9/2017,9,10,2017
,,,1097,3/30/2018,30,3,2018
,,,1098,12/23/2017,23,12,2017
,,,1099,3/30/2018,30,3,2018
,,,1100,3/30/2018,30,3,2018
,,,1101,3/30/2018,30,3,2018
,,,1102,3/30/2018,30,3,2018
,,,1103,3/30/2018,30,3,2018
,,,1104,5/22/2018,22,5,2018
,,,1105,3/30/2018,30,3,2018
,,,1106,3/30/2018,30,3,2018
,,,1107,3/30/2018,30,3,2018
,,,1108,12/23/2017,23,12,2017
,,,1109,5/22/2018,22,5,2018
,,,1110,12/23/2017,23,12,2017
,,,1111,7/25/2018,25,7,2018
,,,1112,7/25/2018,25,7,2018
,,,1113,7/25/2018,25,7,2018
,,,1114,3/30/2018,30,3,2018
,,,1115,7/25/2018,25,7,2018
,,,1116,7/25/2018,25,7,2018
,,,1117,7/25/2018,25,7,2018
,,,1118,5/22/2018,22,5,2018
,,,1119,5/22/2018,22,5,2018
,,,1120,7/25/2018,25,7,2018
,,,1121,7/25/2018,25,7,2018
,,,1122,7/25/2018,25,7,2018
,,,1123,7/25/2018,25,7,2018
,,,1124,1/11/2019,11,1,2019
,,,1125,1/11/2019,11,1,2019
,,,1126,1/11/2019,11,1,2019
,,,1127,1/11/2019,11,1,2019
,,,1128,1/11/2019,11,1,2019
,,,1129,1/11/2019,11,1,2019
,,,1130,1/11/2019,11,1,2019
,,,1131,1/11/2019,11,1,2019
,,,1132,1/11/2019,11,1,2019
,,,1133,1/11/2019,11,1,2019
,,,1134,6/28/2013,28,6,2013
,,,1135,4/4/2014,4,4,2014
,,,1136,4/10/2014,10,4,2014
,,,1137,4/28/2014,28,4,2014
,,,1138,4/28/2014,28,4,2014
,,,1139,5/22/2014,22,5,2014
,,,1140,5/26/2014,26,5,2014
,,,1141,7/28/2014,28,7,2014
,,,1142,7/28/2014,28,7,2014
,,,1143,10/17/2003,17,10,2003
,,,1144,11/11/2018,11,11,2018
,,,1145,12/27/2018,27,12,2018
,,,1146,12/16/2018,16,12,2018
,,,1147,9/23/2009,23,9,2009
,,,1148,7/5/2019,5,7,2019
,,,1149,1/17/2016,17,1,2016
,,,1150,8/5/2014,5,8,2014
,,,1151,9/7/2014,7,9,2014
,,,1152,9/11/2014,11,9,2014
,,,1153,9/11/2014,11,9,2014
,,,1154,9/16/2014,16,9,2014
,,,1155,9/27/2014,27,9,2014
,,,1156,10/7/2014,7,10,2014
,,,1157,10/15/2014,15,10,2014
,,,1158,10/16/2014,16,10,2014
,,,1159,10/16/2014,16,10,2014
,,,1160,10/21/2014,21,10,2014
,,,1161,12/6/2014,6,12,2014
,,,1162,11/19/2018,19,11,2018
,,,1163,6/5/2019,5,6,2019
,,,1164,10/7/2015,7,10,2015
,,,1165,10/7/2015,7,10,2015
,,,1166,11/13/2019,13,11,2019
,,,1167,12/7/2019,7,12,2019
,,,1168,1/15/2020,15,1,2020
,,,1169,10/7/2015,7,10,2015
,,,1170,1/21/2019,21,1,2019
,,,1171,1/9/2017,9,1,2017
,,,1172,11/21/2017,21,11,2017
,,,1173,11/21/2017,21,11,2017
,,,1174,11/21/2017,21,11,2017
,,,1175,1/18/2018,18,1,2018
,,,1176,1/18/2018,18,1,2018
,,,1177,1/21/2019,21,1,2019
,,,1178,9/12/2019,12,9,2019
,,,1179,12/3/2018,3,12,2018
,,,1180,9/19/2015,19,9,2015
,,,1181,7/22/2012,22,7,2012
,,,1182,7/14/2017,14,7,2017
,,,1183,1/31/2018,31,1,2018
,,,1184,1/31/2018,31,1,2018
,,,1185,12/27/2018,27,12,2018
,,,1186,12/27/2018,27,12,2018
,,,1187,4/30/2014,30,4,2014
,,,1188,6/19/2014,19,6,2014
,,,1189,12/6/2014,6,12,2014
,,,1190,12/15/2014,15,12,2014
,,,1191,12/3/2018,3,12,2018
,,,1192,12/3/2018,3,12,2018
,,,1193,12/16/2015,16,12,2015
,,,1194,11/29/2018,29,11,2018
,,,1195,10/24/2017,24,10,2017
,,,1196,10/19/2005,19,10,2005
,,,1197,1/20/2011,20,1,2011
,,,1198,8/28/2013,28,8,2013
,,,1199,1/19/2019,19,1,2019
,,,1200,10/29/2018,29,10,2018
,,,1201,1/18/2018,18,1,2018
,,,1202,12/27/2014,27,12,2014
,,,1203,9/19/2015,19,9,2015
,,,1204,1/23/2009,23,1,2009
,,,1205,11/17/2019,17,11,2019
,,,1206,11/17/2019,17,11,2019
,,,1207,7/28/2006,28,7,2006
,,,1208,5/17/2012,17,5,2012
,,,1209,3/25/2015,25,3,2015
,,,1210,8/22/2013,22,8,2013
,,,1211,6/27/2013,27,6,2013
,,,1212,12/31/2014,31,12,2014
,,,1213,1/10/2015,10,1,2015
,,,1214,1/21/2015,21,1,2015
,,,1215,2/1/2015,1,2,2015
,,,1216,8/30/2019,30,8,2019
,,,1217,10/24/1997,24,10,1997
,,,1218,8/17/2000,17,8,2000
,,,1219,4/30/2005,30,4,2005
,,,1220,12/7/2018,7,12,2018
,,,1221,12/7/2018,7,12,2018
,,,1222,12/7/2018,7,12,2018
,,,1223,12/7/2018,7,12,2018
,,,1224,12/7/2018,7,12,2018
,,,1225,12/7/2018,7,12,2018
,,,1226,12/7/2018,7,12,2018
,,,1227,1/11/2018,11,1,2018
,,,1228,12/3/2018,3,12,2018
,,,1229,4/15/1999,15,4,1999
,,,1230,2/11/2013,11,2,2013
,,,1231,3/2/2015,2,3,2015
,,,1232,9/24/2015,24,9,2015
,,,1233,6/22/2016,22,6,2016
,,,1234,1/10/2007,10,1,2007
,,,1235,12/20/2002,20,12,2002
,,,1236,12/20/2002,20,12,2002
,,,1237,6/19/2014,19,6,2014
,,,1238,7/16/2018,16,7,2018
,,,1239,9/28/2015,28,9,2015
,,,1240,9/28/2015,28,9,2015
,,,1241,9/28/2015,28,9,2015
,,,1242,9/28/2015,28,9,2015
,,,1243,7/5/2019,5,7,2019
,,,1244,7/14/2017,14,7,2017
,,,1245,4/18/2017,18,4,2017
,,,1246,10/17/2016,17,10,2016
,,,1247,7/14/2017,14,7,2017
,,,1248,4/1/2019,1,4,2019
,,,1249,12/8/2017,8,12,2017
,,,1250,1/11/2018,11,1,2018
,,,1251,11/10/2018,10,11,2018
,,,1252,12/27/2018,27,12,2018
,,,1253,12/27/2018,27,12,2018
,,,1254,1/11/2018,11,1,2018
,,,1255,7/14/2017,14,7,2017
,,,1256,11/29/2018,29,11,2018
,,,1257,12/10/2017,10,12,2017
,,,1258,7/5/2019,5,7,2019
,,,1259,7/5/2019,5,7,2019
,,,1260,4/1/2019,1,4,2019
,,,1261,7/14/2017,14,7,2017
,,,1262,7/14/2017,14,7,2017
,,,1263,7/5/2019,5,7,2019
,,,1264,12/27/2018,27,12,2018
,,,1265,12/11/2019,11,12,2019
,,,1266,4/18/2017,18,4,2017
,,,1267,1/31/2018,31,1,2018
,,,1268,2/15/2017,15,2,2017
,,,1269,4/1/2019,1,4,2019
,,,1270,12/11/2019,11,12,2019
,,,1271,1/31/2018,31,1,2018
,,,1272,12/8/2017,8,12,2017
,,,1273,11/29/2018,29,11,2018
,,,1274,6/23/2017,23,6,2017
,,,1275,7/5/2019,5,7,2019
,,,1276,6/23/2017,23,6,2017
,,,1277,12/8/2017,8,12,2017
,,,1278,6/23/2017,23,6,2017
,,,1279,6/23/2017,23,6,2017
,,,1280,1/21/2018,21,1,2018
,,,1281,1/11/2018,11,1,2018
,,,1282,12/8/2017,8,12,2017
,,,1283,6/23/2017,23,6,2017
,,,1284,2/15/2017,15,2,2017
,,,1285,7/14/2017,14,7,2017
,,,1286,7/5/2019,5,7,2019
,,,1287,12/27/2018,27,12,2018
,,,1288,2/15/2017,15,2,2017
,,,1289,11/29/2018,29,11,2018
,,,1290,12/11/2019,11,12,2019
,,,1291,7/14/2017,14,7,2017
,,,1292,1/11/2018,11,1,2018
,,,1293,2/15/2017,15,2,2017
,,,1294,12/27/2018,27,12,2018
,,,1295,4/18/2017,18,4,2017
,,,1296,12/8/2017,8,12,2017
,,,1297,12/8/2017,8,12,2017
,,,1298,6/23/2017,23,6,2017
,,,1299,12/27/2018,27,12,2018
,,,1300,2/15/2017,15,2,2017
,,,1301,6/23/2017,23,6,2017
,,,1302,2/15/2017,15,2,2017
,,,1303,10/17/2016,17,10,2016
,,,1304,2/15/2017,15,2,2017
,,,1305,4/18/2017,18,4,2017
,,,1306,2/15/2017,15,2,2017
,,,1307,1/21/2018,21,1,2018
,,,1308,1/31/2018,31,1,2018
,,,1309,12/11/2019,11,12,2019
,,,1310,12/27/2018,27,12,2018
,,,1311,7/16/2018,16,7,2018
,,,1312,1/31/2018,31,1,2018
,,,1313,4/1/2019,1,4,2019
,,,1314,11/29/2018,29,11,2018
,,,1315,7/16/2018,16,7,2018
,,,1316,7/5/2019,5,7,2019
,,,1317,10/17/2016,17,10,2016
,,,1318,10/17/2016,17,10,2016
,,,1319,6/23/2017,23,6,2017
,,,1320,7/5/2019,5,7,2019
,,,1321,12/9/2017,9,12,2017
,,,1322,7/16/2018,16,7,2018
,,,1323,7/14/2017,14,7,2017
,,,1324,12/27/2018,27,12,2018
,,,1325,11/10/2018,10,11,2018
,,,1326,3/2/2015,2,3,2015
,,,1327,1/11/2018,11,1,2018
,,,1328,7/5/2019,5,7,2019
,,,1329,9/19/2015,19,9,2015
,,,1330,9/4/2014,4,9,2014
,,,1331,1/21/2019,21,1,2019
,,,1332,12/4/2017,4,12,2017
,,,1333,12/22/2017,22,12,2017
,,,1334,1/13/2018,13,1,2018
,,,1335,3/17/2018,17,3,2018
,,,1336,11/20/2009,20,11,2009
,,,1337,12/3/2017,3,12,2017
,,,1338,10/24/2018,24,10,2018
,,,1339,12/23/2014,23,12,2014
,,,1340,10/7/2015,7,10,2015
,,,1341,3/13/2015,13,3,2015
,,,1342,3/13/2015,13,3,2015
,,,1343,3/13/2015,13,3,2015
,,,1344,3/13/2015,13,3,2015
,,,1345,7/5/2019,5,7,2019
,,,1346,12/27/2018,27,12,2018
,,,1347,6/3/2018,3,6,2018
,,,1348,6/22/2016,22,6,2016
,,,1349,1/31/2020,31,1,2020
,,,1350,12/10/2001,10,12,2001
,,,1351,6/23/2017,23,6,2017
,,,1352,8/10/2018,10,8,2018
,,,1353,10/28/2011,28,10,2011
,,,1354,3/18/2015,18,3,2015
,,,1355,3/30/2015,30,3,2015
,,,1356,3/30/2015,30,3,2015
,,,1357,10/12/2011,12,10,2011
,,,1358,4/26/2015,26,4,2015
,,,1359,4/26/2015,26,4,2015
,,,1360,4/27/2015,27,4,2015
,,,1361,5/27/2015,27,5,2015
,,,1362,11/2/2010,2,11,2010
,,,1363,5/4/2011,4,5,2011
,,,1364,11/14/2012,14,11,2012
,,,1365,10/30/2014,30,10,2014
,,,1366,7/30/2019,30,7,2019
,,,1367,2/20/2020,20,2,2020
,,,1368,5/27/2015,27,5,2015
,,,1369,7/5/2019,5,7,2019
,,,1370,7/8/2014,8,7,2014
,,,1371,7/15/2015,15,7,2015
,,,1372,7/15/2015,15,7,2015
,,,1373,7/24/2015,24,7,2015
,,,1374,8/20/2015,20,8,2015
,,,1375,10/19/2006,19,10,2006
,,,1376,9/17/2012,17,9,2012
,,,1377,11/6/2018,6,11,2018
,,,1378,8/20/2015,20,8,2015
,,,1379,8/27/2015,27,8,2015
,,,1380,8/28/2015,28,8,2015
,,,1381,1/18/2019,18,1,2019
,,,1382,1/11/2018,11,1,2018
,,,1383,1/11/2018,11,1,2018
,,,1384,4/27/2016,27,4,2016
,,,1385,9/2/2015,2,9,2015
,,,1386,9/12/2015,12,9,2015
,,,1387,9/14/2015,14,9,2015
,,,1388,9/29/2015,29,9,2015
,,,1389,12/3/2018,3,12,2018
,,,1390,9/30/2015,30,9,2015
,,,1391,9/30/2015,30,9,2015
,,,1392,10/2/2015,2,10,2015
,,,1393,10/16/2015,16,10,2015
,,,1394,11/8/2017,8,11,2017
,,,1395,11/21/2018,21,11,2018
,,,1396,6/30/2003,30,6,2003
,,,1397,12/3/2018,3,12,2018
,,,1398,7/5/2019,5,7,2019
,,,1399,9/27/2003,27,9,2003
,,,1400,4/1/2019,1,4,2019
,,,1401,10/16/2015,16,10,2015
,,,1402,11/3/2015,3,11,2015
,,,1403,3/12/2000,12,3,2000
,,,1404,11/10/2015,10,11,2015
,,,1405,11/20/2015,20,11,2015
,,,1406,11/24/2015,24,11,2015
,,,1407,12/9/2015,9,12,2015
,,,1408,12/10/2015,10,12,2015
,,,1409,12/11/2015,11,12,2015
,,,1410,7/14/2017,14,7,2017
,,,1411,12/18/2004,18,12,2004
,,,1412,7/29/2009,29,7,2009
,,,1413,5/28/2010,28,5,2010
,,,1414,7/15/2015,15,7,2015
,,,1415,10/31/2015,31,10,2015
,,,1416,2/5/2016,5,2,2016
,,,1417,7/16/2011,16,7,2011
,,,1418,10/4/2012,4,10,2012
,,,1419,5/15/2013,15,5,2013
,,,1420,2/21/2014,21,2,2014
,,,1421,5/17/2014,17,5,2014
,,,1422,8/2/2014,2,8,2014
,,,1423,10/29/2014,29,10,2014
,,,1424,3/25/2015,25,3,2015
,,,1425,12/23/2018,23,12,2018
,,,1426,8/22/2019,22,8,2019
,,,1427,12/21/2003,21,12,2003
,,,1428,3/20/2004,20,3,2004
,,,1429,6/23/2004,23,6,2004
,,,1430,11/6/2004,6,11,2004
,,,1431,7/23/1997,23,7,1997
,,,1432,10/7/1999,7,10,1999
,,,1433,5/11/2000,11,5,2000
,,,1434,7/16/2000,16,7,2000
,,,1435,11/10/2000,10,11,2000
,,,1436,1/30/2001,30,1,2001
,,,1437,1/29/2003,29,1,2003
,,,1438,3/31/2003,31,3,2003
,,,1439,9/26/2005,26,9,2005
,,,1440,9/25/2006,25,9,2006
,,,1441,11/17/2006,17,11,2006
,,,1442,10/17/2007,17,10,2007
,,,1443,12/20/2007,20,12,2007
,,,1444,3/15/2008,15,3,2008
,,,1445,8/17/2009,17,8,2009
,,,1446,9/19/2015,19,9,2015
,,,1447,2/15/2017,15,2,2017
,,,1448,2/25/2013,25,2,2013
,,,1449,6/17/2019,17,6,2019
,,,1450,12/3/2018,3,12,2018
,,,1451,1/18/2019,18,1,2019
,,,1452,12/24/2015,24,12,2015
,,,1453,8/17/2011,17,8,2011
,,,1454,8/17/2011,17,8,2011
,,,1455,12/28/2015,28,12,2015
,,,1456,1/15/2016,15,1,2016
,,,1457,1/20/2016,20,1,2016
,,,1458,1/29/2016,29,1,2016
,,,1459,2/17/2016,17,2,2016
,,,1460,11/13/2019,13,11,2019
,,,1461,11/13/2019,13,11,2019
,,,1462,11/13/2019,13,11,2019
,,,1463,11/13/2019,13,11,2019
,,,1464,11/13/2019,13,11,2019
,,,1465,6/22/2017,22,6,2017
,,,1466,5/13/1998,13,5,1998
,,,1467,5/20/2005,20,5,2005
,,,1468,2/6/2009,6,2,2009
,,,1469,11/18/2017,18,11,2017
,,,1470,12/6/2019,6,12,2019
,,,1471,7/14/2017,14,7,2017
,,,1472,7/14/2017,14,7,2017
,,,1473,9/16/2018,16,9,2018
,,,1474,10/28/2011,28,10,2011
,,,1475,6/25/2019,25,6,2019
,,,1476,1/31/2020,31,1,2020
,,,1477,5/1/2017,1,5,2017
,,,1478,5/26/2017,26,5,2017
,,,1479,7/5/2019,5,7,2019
,,,1480,2/17/2016,17,2,2016
,,,1481,3/4/2016,4,3,2016
,,,1482,3/9/2016,9,3,2016
,,,1483,3/10/2016,10,3,2016
,,,1484,3/30/2016,30,3,2016
,,,1485,4/28/2016,28,4,2016
,,,1486,5/6/2016,6,5,2016
,,,1487,5/27/2016,27,5,2016
,,,1488,6/23/2017,23,6,2017
,,,1489,6/9/2016,9,6,2016
,,,1490,5/29/2016,29,5,2016
,,,1491,5/29/2016,29,5,2016
,,,1492,6/15/2017,15,6,2017
,,,1493,2/2/2018,2,2,2018
,,,1494,2/2/2018,2,2,2018
,,,1495,1/15/2020,15,1,2020
,,,1496,1/15/2020,15,1,2020
,,,1497,6/13/2012,13,6,2012
,,,1498,11/20/2010,20,11,2010
,,,1499,6/25/2013,25,6,2013
,,,1500,7/10/2014,10,7,2014
,,,1501,6/25/2013,25,6,2013
,,,1502,6/25/2013,25,6,2013
,,,1503,7/10/2014,10,7,2014
,,,1504,7/10/2014,10,7,2014
,,,1505,7/10/2014,10,7,2014
,,,1506,12/18/2014,18,12,2014
,,,1507,12/18/2014,18,12,2014
,,,1508,12/18/2014,18,12,2014
,,,1509,12/18/2014,18,12,2014
,,,1510,3/9/2018,9,3,2018
,,,1511,3/9/2018,9,3,2018
,,,1512,3/9/2018,9,3,2018
,,,1513,3/9/2018,9,3,2018
,,,1514,4/4/2019,4,4,2019
,,,1515,4/4/2019,4,4,2019
,,,1516,4/4/2019,4,4,2019
,,,1517,4/4/2019,4,4,2019
,,,1518,6/25/2013,25,6,2013
,,,1519,7/2/2014,2,7,2014
,,,1520,6/11/2016,11,6,2016
,,,1521,2/20/2001,20,2,2001
,,,1522,4/9/2014,9,4,2014
,,,1523,9/13/2016,13,9,2016
,,,1524,5/28/2002,28,5,2002
,,,1525,6/10/2007,10,6,2007
,,,1526,6/22/2010,22,6,2010
,,,1527,2/27/2019,27,2,2019
,,,1528,2/27/2019,27,2,2019
,,,1529,2/27/2019,27,2,2019
,,,1530,2/27/2019,27,2,2019
,,,1531,2/27/2019,27,2,2019
,,,1532,2/27/2019,27,2,2019
,,,1533,2/6/2020,6,2,2020
,,,1534,2/6/2020,6,2,2020
,,,1535,3/21/2020,21,3,2020
,,,1536,3/21/2020,21,3,2020
,,,1537,2/6/2020,6,2,2020
,,,1538,2/6/2020,6,2,2020
,,,1539,2/6/2020,6,2,2020
,,,1540,2/6/2020,6,2,2020
,,,1541,2/6/2020,6,2,2020
,,,1542,2/6/2020,6,2,2020
,,,1543,2/6/2020,6,2,2020
,,,1544,3/21/2020,21,3,2020
,,,1545,2/6/2020,6,2,2020
,,,1546,3/21/2020,21,3,2020
,,,1547,3/21/2020,21,3,2020
,,,1548,2/6/2020,6,2,2020
,,,1549,2/6/2020,6,2,2020
,,,1550,3/21/2020,21,3,2020
,,,1551,2/6/2020,6,2,2020
,,,1552,2/6/2020,6,2,2020
,,,1553,3/21/2020,21,3,2020
,,,1554,2/6/2020,6,2,2020
,,,1555,2/6/2020,6,2,2020
,,,1556,2/6/2020,6,2,2020
,,,1557,2/6/2020,6,2,2020
,,,1558,3/21/2020,21,3,2020
,,,1559,2/6/2020,6,2,2020
,,,1560,2/6/2020,6,2,2020
,,,1561,2/6/2020,6,2,2020
,,,1562,3/21/2020,21,3,2020
,,,1563,2/6/2020,6,2,2020
,,,1564,2/6/2020,6,2,2020
,,,1565,2/6/2020,6,2,2020
,,,1566,3/21/2020,21,3,2020
,,,1567,2/6/2020,6,2,2020
,,,1568,2/6/2020,6,2,2020
,,,1569,2/6/2020,6,2,2020
,,,1570,2/6/2020,6,2,2020
,,,1571,3/21/2020,21,3,2020
,,,1572,2/6/2020,6,2,2020
,,,1573,2/6/2020,6,2,2020
,,,1574,2/6/2020,6,2,2020
,,,1575,2/6/2020,6,2,2020
,,,1576,3/21/2020,21,3,2020
,,,1577,3/21/2020,21,3,2020
,,,1578,2/6/2020,6,2,2020
,,,1579,3/21/2020,21,3,2020
,,,1580,3/21/2020,21,3,2020
,,,1581,2/6/2020,6,2,2020
,,,1582,3/21/2020,21,3,2020
,,,1583,3/21/2020,21,3,2020
,,,1584,3/21/2020,21,3,2020
,,,1585,3/21/2020,21,3,2020
,,,1586,3/21/2020,21,3,2020
,,,1587,3/21/2020,21,3,2020
,,,1588,3/21/2020,21,3,2020
,,,1589,3/21/2020,21,3,2020
,,,1590,3/21/2020,21,3,2020
,,,1591,3/21/2020,21,3,2020
,,,1592,3/21/2020,21,3,2020
,,,1593,3/21/2020,21,3,2020
,,,1594,3/21/2020,21,3,2020
,,,1595,3/21/2020,21,3,2020
,,,1596,3/21/2020,21,3,2020
,,,1597,3/21/2020,21,3,2020
,,,1598,3/21/2020,21,3,2020
,,,1599,3/21/2020,21,3,2020
,,,1600,3/21/2020,21,3,2020
,,,1601,12/18/2019,18,12,2019
,,,1602,11/21/2013,21,11,2013
,,,1603,8/1/2017,1,8,2017
,,,1604,6/12/2016,12,6,2016
,,,1605,6/15/2016,15,6,2016
,,,1606,6/15/2016,15,6,2016
,,,1607,6/19/2016,19,6,2016
,,,1608,6/19/2016,19,6,2016
,,,1609,12/23/1997,23,12,1997
,,,1610,12/23/1997,23,12,1997
,,,1611,12/23/1997,23,12,1997
,,,1612,8/2/1998,2,8,1998
,,,1613,8/2/1998,2,8,1998
,,,1614,8/2/1998,2,8,1998
,,,1615,8/2/1998,2,8,1998
,,,1616,8/2/1998,2,8,1998
,,,1617,8/2/1998,2,8,1998
,,,1618,9/23/1998,23,9,1998
,,,1619,9/23/1998,23,9,1998
,,,1620,9/23/1998,23,9,1998
,,,1621,12/4/1999,4,12,1999
,,,1622,12/4/1999,4,12,1999
,,,1623,12/4/1999,4,12,1999
,,,1624,12/4/1999,4,12,1999
,,,1625,12/4/1999,4,12,1999
,,,1626,2/10/1998,10,2,1998
,,,1627,12/23/1997,23,12,1997
,,,1628,12/23/1997,23,12,1997
,,,1629,12/23/1997,23,12,1997
,,,1630,12/23/1997,23,12,1997
,,,1631,12/23/1997,23,12,1997
,,,1632,7/14/2014,14,7,2014
,,,1633,7/14/2014,14,7,2014
,,,1634,12/22/2015,22,12,2015
,,,1635,7/14/2014,14,7,2014
,,,1636,12/22/2015,22,12,2015
,,,1637,12/22/2015,22,12,2015
,,,1638,12/22/2015,22,12,2015
,,,1639,12/22/2015,22,12,2015
,,,1640,12/22/2015,22,12,2015
,,,1641,12/22/2015,22,12,2015
,,,1642,12/22/2015,22,12,2015
,,,1643,12/22/2015,22,12,2015
,,,1644,1/31/2020,31,1,2020
,,,1645,12/3/2018,3,12,2018
,,,1646,12/3/2018,3,12,2018
,,,1647,8/8/2019,8,8,2019
,,,1648,8/26/2017,26,8,2017
,,,1649,6/25/2019,25,6,2019
,,,1650,4/26/2018,26,4,2018
,,,1651,6/29/2019,29,6,2019
,,,1652,6/24/2016,24,6,2016
,,,1653,7/9/2018,9,7,2018
,,,1654,7/28/2016,28,7,2016
,,,1655,10/17/2019,17,10,2019
,,,1656,8/5/2016,5,8,2016
,,,1657,8/14/2016,14,8,2016
,,,1658,7/22/2004,22,7,2004
,,,1659,1/20/2005,20,1,2005
,,,1660,4/27/2010,27,4,2010
,,,1661,12/3/2018,3,12,2018
,,,1662,2/22/2018,22,2,2018
,,,1663,9/30/2001,30,9,2001
,,,1664,8/19/2019,19,8,2019
,,,1665,8/19/2019,19,8,2019
,,,1666,2/15/2017,15,2,2017
,,,1667,6/19/2014,19,6,2014
,,,1668,6/19/2014,19,6,2014
,,,1669,6/7/2013,7,6,2013
,,,1670,6/23/2015,23,6,2015
,,,1671,9/16/2016,16,9,2016
,,,1672,9/26/2016,26,9,2016
,,,1673,12/17/2011,17,12,2011
,,,1674,12/2/2012,2,12,2012
,,,1675,12/3/2018,3,12,2018
,,,1676,12/3/2018,3,12,2018
,,,1677,6/19/2014,19,6,2014
,,,1678,3/22/2019,22,3,2019
,,,1679,10/22/2001,22,10,2001
,,,1680,11/2/2009,2,11,2009
,,,1681,5/7/2013,7,5,2013
,,,1682,11/11/2016,11,11,2016
,,,1683,8/26/2017,26,8,2017
,,,1684,6/25/2019,25,6,2019
,,,1685,6/29/2019,29,6,2019
,,,1686,6/29/2019,29,6,2019
,,,1687,10/8/2015,8,10,2015
,,,1688,10/8/2015,8,10,2015
,,,1689,6/25/2019,25,6,2019
,,,1690,11/10/2018,10,11,2018
,,,1691,11/10/2018,10,11,2018
,,,1692,7/9/2018,9,7,2018
,,,1693,9/24/2015,24,9,2015
,,,1694,12/3/2018,3,12,2018
,,,1695,2/19/2020,19,2,2020
,,,1696,8/17/2019,17,8,2019
,,,1697,12/11/2019,11,12,2019
,,,1698,11/6/2014,6,11,2014
,,,1699,8/15/2016,15,8,2016
,,,1700,8/19/2016,19,8,2016
,,,1701,8/19/2016,19,8,2016
,,,1702,8/24/2016,24,8,2016
,,,1703,8/24/2016,24,8,2016
,,,1704,9/8/2016,8,9,2016
,,,1705,3/29/2019,29,3,2019
,,,1706,6/17/2019,17,6,2019
,,,1707,12/14/2007,14,12,2007
,,,1708,11/18/2017,18,11,2017
,,,1709,12/26/1994,26,12,1994
,,,1710,2/19/2020,19,2,2020
,,,1711,10/5/2016,5,10,2016
,,,1712,10/5/2016,5,10,2016
,,,1713,7/13/2018,13,7,2018
,,,1714,12/3/2018,3,12,2018
,,,1715,12/3/2018,3,12,2018
,,,1716,2/6/2011,6,2,2011
,,,1717,8/29/2008,29,8,2008
,,,1718,8/29/2008,29,8,2008
,,,1719,8/29/2008,29,8,2008
,,,1720,8/29/2008,29,8,2008
,,,1721,8/29/2008,29,8,2008
,,,1722,1/17/2019,17,1,2019
,,,1723,8/17/2011,17,8,2011
,,,1724,11/2/2016,2,11,2016
,,,1725,11/11/2016,11,11,2016
,,,1726,6/12/2019,12,6,2019
,,,1727,6/12/2019,12,6,2019
,,,1728,6/12/2019,12,6,2019
,,,1729,11/29/2018,29,11,2018
,,,1730,6/27/2019,27,6,2019
,,,1731,8/23/2005,23,8,2005
,,,1732,7/8/2014,8,7,2014
,,,1733,6/20/2018,20,6,2018
,,,1734,4/20/2011,20,4,2011
,,,1735,12/7/2016,7,12,2016
,,,1736,6/25/2013,25,6,2013
,,,1737,12/26/2014,26,12,2014
,,,1738,3/13/2016,13,3,2016
,,,1739,4/25/2012,25,4,2012
,,,1740,4/20/2009,20,4,2009
,,,1741,5/22/2019,22,5,2019
,,,1742,12/11/2019,11,12,2019
,,,1743,1/18/2019,18,1,2019
,,,1744,5/24/2014,24,5,2014
,,,1745,6/23/2017,23,6,2017
,,,1746,12/21/2005,21,12,2005
,,,1747,5/23/2008,23,5,2008
,,,1748,5/23/2008,23,5,2008
,,,1749,5/23/2008,23,5,2008
,,,1750,7/6/2009,6,7,2009
,,,1751,7/6/2009,6,7,2009
,,,1752,9/8/2010,8,9,2010
,,,1753,9/8/2010,8,9,2010
,,,1754,7/28/2012,28,7,2012
,,,1755,1/15/2013,15,1,2013
,,,1756,1/15/2013,15,1,2013
,,,1757,1/15/2013,15,1,2013
,,,1758,12/25/2013,25,12,2013
,,,1759,12/25/2013,25,12,2013
,,,1760,12/25/2013,25,12,2013
,,,1761,5/23/2014,23,5,2014
,,,1762,5/23/2014,23,5,2014
,,,1763,5/23/2014,23,5,2014
,,,1764,9/23/2015,23,9,2015
,,,1765,9/23/2015,23,9,2015
,,,1766,9/23/2015,23,9,2015
,,,1767,10/30/2018,30,10,2018
,,,1768,10/30/2018,30,10,2018
,,,1769,10/30/2018,30,10,2018
,,,1770,5/23/2014,23,5,2014
,,,1771,12/16/2018,16,12,2018
,,,1772,8/9/2000,9,8,2000
,,,1773,7/16/2000,16,7,2000
,,,1774,7/16/2000,16,7,2000
,,,1775,10/7/2018,7,10,2018
,,,1776,2/25/2013,25,2,2013
,,,1777,2/25/2013,25,2,2013
,,,1778,12/19/2006,19,12,2006
,,,1779,7/2/2007,2,7,2007
,,,1780,11/1/2007,1,11,2007
,,,1781,3/27/2008,27,3,2008
,,,1782,7/22/2008,22,7,2008
,,,1783,6/29/2004,29,6,2004
,,,1784,6/29/2004,29,6,2004
,,,1785,4/17/2007,17,4,2007
,,,1786,4/17/2007,17,4,2007
,,,1787,4/17/2007,17,4,2007
,,,1788,4/17/2007,17,4,2007
,,,1789,4/17/2007,17,4,2007
,,,1790,12/20/2002,20,12,2002
,,,1791,6/29/2004,29,6,2004
,,,1792,4/17/2007,17,4,2007
,,,1793,6/19/2014,19,6,2014
,,,1794,12/7/2018,7,12,2018
,,,1795,12/7/2018,7,12,2018
,,,1796,11/3/2016,3,11,2016
,,,1797,11/19/2016,19,11,2016
,,,1798,11/22/2016,22,11,2016
,,,1799,12/7/2016,7,12,2016
,,,1800,9/26/2010,26,9,2010
,,,1801,2/3/2005,3,2,2005
,,,1802,2/3/2005,3,2,2005
,,,1803,6/15/2007,15,6,2007
,,,1804,6/15/2007,15,6,2007
,,,1805,4/15/2011,15,4,2011
,,,1806,4/15/2011,15,4,2011
,,,1807,9/13/2012,13,9,2012
,,,1808,9/13/2012,13,9,2012
,,,1809,10/8/2015,8,10,2015
,,,1810,10/8/2015,8,10,2015
,,,1811,3/1/2017,1,3,2017
,,,1812,3/1/2017,1,3,2017
,,,1813,9/26/2016,26,9,2016
,,,1814,2/9/1993,9,2,1993
,,,1815,10/23/1998,23,10,1998
,,,1816,8/12/2003,12,8,2003
,,,1817,12/10/2016,10,12,2016
,,,1818,8/31/2004,31,8,2004
,,,1819,12/10/2007,10,12,2007
,,,1820,12/18/2016,18,12,2016
,,,1821,12/20/2016,20,12,2016
,,,1822,12/21/2016,21,12,2016
,,,1823,12/21/2016,21,12,2016
,,,1824,1/5/2017,5,1,2017
,,,1825,5/17/2012,17,5,2012
,,,1826,12/3/2018,3,12,2018
,,,1827,4/28/2008,28,4,2008
,,,1828,12/3/2018,3,12,2018
,,,1829,4/25/2018,25,4,2018
,,,1830,4/3/2014,3,4,2014
,,,1831,4/25/2016,25,4,2016
,,,1832,6/23/2015,23,6,2015
,,,1833,3/6/2017,6,3,2017
,,,1834,2/16/2016,16,2,2016
,,,1835,10/13/2017,13,10,2017
,,,1836,1/20/2017,20,1,2017
,,,1837,1/24/2017,24,1,2017
,,,1838,1/28/2017,28,1,2017
,,,1839,2/14/2017,14,2,2017
,,,1840,2/14/2017,14,2,2017
,,,1841,2/15/2017,15,2,2017
,,,1842,2/15/2017,15,2,2017
,,,1843,3/16/2017,16,3,2017
,,,1844,3/17/2017,17,3,2017
,,,1845,3/30/2017,30,3,2017
,,,1846,4/12/2017,12,4,2017
,,,1847,5/4/2017,4,5,2017
,,,1848,5/4/2017,4,5,2017
,,,1849,5/6/2017,6,5,2017
,,,1850,5/15/2017,15,5,2017
,,,1851,2/2/2018,2,2,2018
,,,1852,12/16/2018,16,12,2018
,,,1853,12/16/2018,16,12,2018
,,,1854,11/12/2009,12,11,2009
,,,1855,7/29/2011,29,7,2011
,,,1856,7/6/2011,6,7,2011
,,,1857,7/15/2013,15,7,2013
,,,1858,3/31/2014,31,3,2014
,,,1859,9/28/2014,28,9,2014
,,,1860,10/27/2014,27,10,2014
,,,1861,6/15/2010,15,6,2010
,,,1862,5/18/2017,18,5,2017
,,,1863,7/19/2013,19,7,2013
,,,1864,10/25/2013,25,10,2013
,,,1865,6/29/2016,29,6,2016
,,,1866,5/31/2017,31,5,2017
,,,1867,6/1/2017,1,6,2017
,,,1868,9/8/2004,8,9,2004
,,,1869,9/8/2004,8,9,2004
,,,1870,10/23/2006,23,10,2006
,,,1871,10/23/2006,23,10,2006
,,,1872,10/25/2008,25,10,2008
,,,1873,10/25/2008,25,10,2008
,,,1874,10/6/2010,6,10,2010
,,,1875,10/6/2010,6,10,2010
,,,1876,7/5/2005,5,7,2005
,,,1877,10/14/2012,14,10,2012
,,,1878,10/14/2012,14,10,2012
,,,1879,4/18/2004,18,4,2004
,,,1880,11/5/2008,5,11,2008
,,,1881,11/20/2011,20,11,2011
,,,1882,11/25/2013,25,11,2013
,,,1883,11/19/2018,19,11,2018
,,,1884,7/19/2013,19,7,2013
,,,1885,6/1/2017,1,6,2017
,,,1886,6/3/2017,3,6,2017
,,,1887,6/7/2017,7,6,2017
,,,1888,10/27/2005,27,10,2005
,,,1889,10/8/2015,8,10,2015
,,,1890,10/8/2015,8,10,2015
,,,1891,6/18/2017,18,6,2017
,,,1892,6/30/2000,30,6,2000
,,,1893,9/5/2000,5,9,2000
,,,1894,11/30/2000,30,11,2000
,,,1895,6/23/2017,23,6,2017
,,,1896,6/23/2017,23,6,2017
,,,1897,6/28/2017,28,6,2017
,,,1898,6/28/2017,28,6,2017
,,,1899,8/15/2018,15,8,2018
,,,1900,8/15/2018,15,8,2018
,,,1901,7/5/2017,5,7,2017
,,,1902,8/16/2017,16,8,2017
,,,1903,8/18/2017,18,8,2017
,,,1904,8/19/2017,19,8,2017
,,,1905,9/12/2017,12,9,2017
,,,1906,9/28/2017,28,9,2017
,,,1907,9/29/2017,29,9,2017
,,,1908,9/29/2017,29,9,2017
,,,1909,10/9/2017,9,10,2017
,,,1910,10/11/2017,11,10,2017
,,,1911,11/21/2013,21,11,2013
,,,1912,10/31/2017,31,10,2017
,,,1913,10/31/2017,31,10,2017
,,,1914,10/31/2017,31,10,2017
,,,1915,10/31/2017,31,10,2017
,,,1916,12/3/2018,3,12,2018
,,,1917,12/3/2018,3,12,2018
,,,1918,7/8/2014,8,7,2014
,,,1919,6/22/2016,22,6,2016
,,,1920,9/16/2016,16,9,2016
,,,1921,9/16/2016,16,9,2016
,,,1922,9/16/2016,16,9,2016
,,,1923,9/16/2016,16,9,2016
,,,1924,10/31/2017,31,10,2017
,,,1925,10/31/2017,31,10,2017
,,,1926,10/15/2017,15,10,2017
,,,1927,5/12/1996,12,5,1996
,,,1928,1/31/2015,31,1,2015
,,,1929,9/13/2012,13,9,2012
,,,1930,9/13/2012,13,9,2012
,,,1931,12/6/2013,6,12,2013
,,,1932,12/6/2013,6,12,2013
,,,1933,12/6/2019,6,12,2019
,,,1934,11/2/2009,2,11,2009
,,,1935,10/8/2015,8,10,2015
,,,1936,10/8/2015,8,10,2015
,,,1937,10/8/2015,8,10,2015
,,,1938,12/6/2013,6,12,2013
,,,1939,1/31/2018,31,1,2018
,,,1940,1/31/2018,31,1,2018
,,,1941,1/31/2018,31,1,2018
,,,1942,1/31/2018,31,1,2018
,,,1943,12/3/2018,3,12,2018
,,,1944,12/3/2018,3,12,2018
,,,1945,5/24/2014,24,5,2014
,,,1946,1/23/2009,23,1,2009
,,,1947,7/5/2019,5,7,2019
,,,1948,7/5/2019,5,7,2019
,,,1949,1/25/2003,25,1,2003
,,,1950,10/30/2017,30,10,2017
,,,1951,1/11/2018,11,1,2018
,,,1952,1/11/2018,11,1,2018
,,,1953,1/11/2018,11,1,2018
,,,1954,1/11/2018,11,1,2018
,,,1955,12/3/2018,3,12,2018
,,,1956,12/3/2018,3,12,2018
,,,1957,12/3/2018,3,12,2018
,,,1958,6/29/2019,29,6,2019
,,,1959,6/29/2019,29,6,2019
,,,1960,11/5/2017,5,11,2017
,,,1961,11/5/2017,5,11,2017
,,,1962,11/18/2017,18,11,2017
,,,1963,5/5/2019,5,5,2019
,,,1964,12/21/2016,21,12,2016
,,,1965,12/21/2016,21,12,2016
,,,1966,10/6/2018,6,10,2018
,,,1967,7/18/2011,18,7,2011
,,,1968,12/10/2017,10,12,2017
,,,1969,1/11/2018,11,1,2018
,,,1970,6/17/2019,17,6,2019
,,,1971,9/9/2012,9,9,2012
,,,1972,6/30/2014,30,6,2014
,,,1973,5/24/2014,24,5,2014
,,,1974,10/12/2011,12,10,2011
,,,1975,11/3/2019,3,11,2019
,,,1976,12/17/2011,17,12,2011
,,,1977,9/16/2018,16,9,2018
,,,1978,1/11/2018,11,1,2018
,,,1979,1/19/2018,19,1,2018
,,,1980,1/25/2018,25,1,2018
,,,1981,1/25/2018,25,1,2018
,,,1982,1/31/2018,31,1,2018
,,,1983,2/12/2018,12,2,2018
,,,1984,2/17/2020,17,2,2020
,,,1985,2/22/2018,22,2,2018
,,,1986,2/22/2018,22,2,2018
,,,1987,11/11/2019,11,11,2019
,,,1988,11/11/2019,11,11,2019
,,,1989,11/11/2019,11,11,2019
,,,1990,11/11/2019,11,11,2019
,,,1991,11/11/2019,11,11,2019
,,,1992,11/11/2019,11,11,2019
,,,1993,11/11/2019,11,11,2019
,,,1994,11/11/2019,11,11,2019
,,,1995,11/11/2019,11,11,2019
,,,1996,11/11/2019,11,11,2019
,,,1997,11/11/2019,11,11,2019
,,,1998,11/11/2019,11,11,2019
,,,1999,11/11/2019,11,11,2019
,,,2000,11/11/2019,11,11,2019
,,,2001,11/11/2019,11,11,2019
,,,2002,11/11/2019,11,11,2019
,,,2003,11/11/2019,11,11,2019
,,,2004,11/11/2019,11,11,2019
,,,2005,11/11/2019,11,11,2019
,,,2006,11/11/2019,11,11,2019
,,,2007,11/11/2019,11,11,2019
,,,2008,11/11/2019,11,11,2019
,,,2009,11/11/2019,11,11,2019
,,,2010,11/11/2019,11,11,2019
,,,2011,11/11/2019,11,11,2019
,,,2012,11/11/2019,11,11,2019
,,,2013,11/11/2019,11,11,2019
,,,2014,11/11/2019,11,11,2019
,,,2015,11/11/2019,11,11,2019
,,,2016,11/11/2019,11,11,2019
,,,2017,11/11/2019,11,11,2019
,,,2018,11/11/2019,11,11,2019
,,,2019,11/11/2019,11,11,2019
,,,2020,11/11/2019,11,11,2019
,,,2021,11/11/2019,11,11,2019
,,,2022,11/11/2019,11,11,2019
,,,2023,11/11/2019,11,11,2019
,,,2024,11/11/2019,11,11,2019
,,,2025,11/11/2019,11,11,2019
,,,2026,11/11/2019,11,11,2019
,,,2027,11/11/2019,11,11,2019
,,,2028,11/11/2019,11,11,2019
,,,2029,11/11/2019,11,11,2019
,,,2030,11/11/2019,11,11,2019
,,,2031,11/11/2019,11,11,2019
,,,2032,11/11/2019,11,11,2019
,,,2033,11/11/2019,11,11,2019
,,,2034,11/11/2019,11,11,2019
,,,2035,11/11/2019,11,11,2019
,,,2036,11/11/2019,11,11,2019
,,,2037,11/11/2019,11,11,2019
,,,2038,11/11/2019,11,11,2019
,,,2039,11/11/2019,11,11,2019
,,,2040,11/11/2019,11,11,2019
,,,2041,11/11/2019,11,11,2019
,,,2042,11/11/2019,11,11,2019
,,,2043,11/11/2019,11,11,2019
,,,2044,11/11/2019,11,11,2019
,,,2045,1/7/2020,7,1,2020
,,,2046,11/11/2019,11,11,2019
,,,2047,11/11/2019,11,11,2019
,,,2048,1/7/2020,7,1,2020
,,,2049,1/7/2020,7,1,2020
,,,2050,1/7/2020,7,1,2020
,,,2051,1/7/2020,7,1,2020
,,,2052,1/7/2020,7,1,2020
,,,2053,1/7/2020,7,1,2020
,,,2054,1/7/2020,7,1,2020
,,,2055,1/7/2020,7,1,2020
,,,2056,1/7/2020,7,1,2020
,,,2057,1/7/2020,7,1,2020
,,,2058,1/7/2020,7,1,2020
,,,2059,1/7/2020,7,1,2020
,,,2060,1/7/2020,7,1,2020
,,,2061,1/7/2020,7,1,2020
,,,2062,1/7/2020,7,1,2020
,,,2063,1/7/2020,7,1,2020
,,,2064,1/7/2020,7,1,2020
,,,2065,1/7/2020,7,1,2020
,,,2066,1/7/2020,7,1,2020
,,,2067,1/7/2020,7,1,2020
,,,2068,1/7/2020,7,1,2020
,,,2069,1/7/2020,7,1,2020
,,,2070,1/7/2020,7,1,2020
,,,2071,1/7/2020,7,1,2020
,,,2072,1/7/2020,7,1,2020
,,,2073,1/7/2020,7,1,2020
,,,2074,1/7/2020,7,1,2020
,,,2075,1/7/2020,7,1,2020
,,,2076,1/7/2020,7,1,2020
,,,2077,1/7/2020,7,1,2020
,,,2078,1/7/2020,7,1,2020
,,,2079,1/7/2020,7,1,2020
,,,2080,1/7/2020,7,1,2020
,,,2081,1/7/2020,7,1,2020
,,,2082,1/7/2020,7,1,2020
,,,2083,2/17/2020,17,2,2020
,,,2084,1/7/2020,7,1,2020
,,,2085,1/7/2020,7,1,2020
,,,2086,1/7/2020,7,1,2020
,,,2087,1/7/2020,7,1,2020
,,,2088,1/7/2020,7,1,2020
,,,2089,1/7/2020,7,1,2020
,,,2090,1/7/2020,7,1,2020
,,,2091,1/7/2020,7,1,2020
,,,2092,1/7/2020,7,1,2020
,,,2093,1/7/2020,7,1,2020
,,,2094,1/7/2020,7,1,2020
,,,2095,1/7/2020,7,1,2020
,,,2096,1/7/2020,7,1,2020
,,,2097,1/7/2020,7,1,2020
,,,2098,1/29/2020,29,1,2020
,,,2099,1/7/2020,7,1,2020
,,,2100,1/7/2020,7,1,2020
,,,2101,1/7/2020,7,1,2020
,,,2102,1/7/2020,7,1,2020
,,,2103,1/7/2020,7,1,2020
,,,2104,1/7/2020,7,1,2020
,,,2105,1/29/2020,29,1,2020
,,,2106,1/7/2020,7,1,2020
,,,2107,1/29/2020,29,1,2020
,,,2108,1/7/2020,7,1,2020
,,,2109,1/29/2020,29,1,2020
,,,2110,1/29/2020,29,1,2020
,,,2111,1/29/2020,29,1,2020
,,,2112,1/29/2020,29,1,2020
,,,2113,1/29/2020,29,1,2020
,,,2114,1/29/2020,29,1,2020
,,,2115,1/29/2020,29,1,2020
,,,2116,2/17/2020,17,2,2020
,,,2117,1/29/2020,29,1,2020
,,,2118,1/29/2020,29,1,2020
,,,2119,1/29/2020,29,1,2020
,,,2120,1/29/2020,29,1,2020
,,,2121,2/17/2020,17,2,2020
,,,2122,1/7/2020,7,1,2020
,,,2123,1/29/2020,29,1,2020
,,,2124,1/29/2020,29,1,2020
,,,2125,1/29/2020,29,1,2020
,,,2126,1/29/2020,29,1,2020
,,,2127,1/29/2020,29,1,2020
,,,2128,1/29/2020,29,1,2020
,,,2129,1/29/2020,29,1,2020
,,,2130,1/29/2020,29,1,2020
,,,2131,1/29/2020,29,1,2020
,,,2132,2/17/2020,17,2,2020
,,,2133,1/29/2020,29,1,2020
,,,2134,1/29/2020,29,1,2020
,,,2135,1/29/2020,29,1,2020
,,,2136,1/29/2020,29,1,2020
,,,2137,1/29/2020,29,1,2020
,,,2138,1/29/2020,29,1,2020
,,,2139,1/29/2020,29,1,2020
,,,2140,1/29/2020,29,1,2020
,,,2141,1/29/2020,29,1,2020
,,,2142,1/29/2020,29,1,2020
,,,2143,1/29/2020,29,1,2020
,,,2144,1/29/2020,29,1,2020
,,,2145,1/29/2020,29,1,2020
,,,2146,1/29/2020,29,1,2020
,,,2147,1/29/2020,29,1,2020
,,,2148,1/29/2020,29,1,2020
,,,2149,1/29/2020,29,1,2020
,,,2150,1/29/2020,29,1,2020
,,,2151,1/29/2020,29,1,2020
,,,2152,1/29/2020,29,1,2020
,,,2153,1/29/2020,29,1,2020
,,,2154,1/29/2020,29,1,2020
,,,2155,1/29/2020,29,1,2020
,,,2156,1/29/2020,29,1,2020
,,,2157,1/29/2020,29,1,2020
,,,2158,1/29/2020,29,1,2020
,,,2159,1/29/2020,29,1,2020
,,,2160,1/29/2020,29,1,2020
,,,2161,1/29/2020,29,1,2020
,,,2162,1/29/2020,29,1,2020
,,,2163,1/29/2020,29,1,2020
,,,2164,1/29/2020,29,1,2020
,,,2165,2/17/2020,17,2,2020
,,,2166,2/17/2020,17,2,2020
,,,2167,2/17/2020,17,2,2020
,,,2168,1/29/2020,29,1,2020
,,,2169,2/17/2020,17,2,2020
,,,2170,2/17/2020,17,2,2020
,,,2171,1/29/2020,29,1,2020
,,,2172,1/29/2020,29,1,2020
,,,2173,1/29/2020,29,1,2020
,,,2174,1/29/2020,29,1,2020
,,,2175,2/17/2020,17,2,2020
,,,2176,2/17/2020,17,2,2020
,,,2177,2/17/2020,17,2,2020
,,,2178,2/17/2020,17,2,2020
,,,2179,2/17/2020,17,2,2020
,,,2180,2/17/2020,17,2,2020
,,,2181,2/17/2020,17,2,2020
,,,2182,2/17/2020,17,2,2020
,,,2183,2/17/2020,17,2,2020
,,,2184,2/17/2020,17,2,2020
,,,2185,3/18/2020,18,3,2020
,,,2186,2/17/2020,17,2,2020
,,,2187,2/17/2020,17,2,2020
,,,2188,2/17/2020,17,2,2020
,,,2189,2/17/2020,17,2,2020
,,,2190,2/17/2020,17,2,2020
,,,2191,3/18/2020,18,3,2020
,,,2192,2/17/2020,17,2,2020
,,,2193,2/17/2020,17,2,2020
,,,2194,2/17/2020,17,2,2020
,,,2195,2/17/2020,17,2,2020
,,,2196,2/17/2020,17,2,2020
,,,2197,2/17/2020,17,2,2020
,,,2198,2/17/2020,17,2,2020
,,,2199,2/17/2020,17,2,2020
,,,2200,2/17/2020,17,2,2020
,,,2201,2/17/2020,17,2,2020
,,,2202,2/17/2020,17,2,2020
,,,2203,2/17/2020,17,2,2020
,,,2204,2/17/2020,17,2,2020
,,,2205,2/17/2020,17,2,2020
,,,2206,2/17/2020,17,2,2020
,,,2207,2/17/2020,17,2,2020
,,,2208,2/17/2020,17,2,2020
,,,2209,2/17/2020,17,2,2020
,,,2210,2/17/2020,17,2,2020
,,,2211,2/17/2020,17,2,2020
,,,2212,2/17/2020,17,2,2020
,,,2213,2/17/2020,17,2,2020
,,,2214,2/17/2020,17,2,2020
,,,2215,2/17/2020,17,2,2020
,,,2216,2/17/2020,17,2,2020
,,,2217,2/17/2020,17,2,2020
,,,2218,2/17/2020,17,2,2020
,,,2219,2/17/2020,17,2,2020
,,,2220,2/17/2020,17,2,2020
,,,2221,2/17/2020,17,2,2020
,,,2222,2/17/2020,17,2,2020
,,,2223,2/17/2020,17,2,2020
,,,2224,3/18/2020,18,3,2020
,,,2225,3/18/2020,18,3,2020
,,,2226,3/18/2020,18,3,2020
,,,2227,3/18/2020,18,3,2020
,,,2228,3/18/2020,18,3,2020
,,,2229,3/18/2020,18,3,2020
,,,2230,3/18/2020,18,3,2020
,,,2231,3/18/2020,18,3,2020
,,,2232,3/18/2020,18,3,2020
,,,2233,3/18/2020,18,3,2020
,,,2234,3/18/2020,18,3,2020
,,,2235,3/18/2020,18,3,2020
,,,2236,3/18/2020,18,3,2020
,,,2237,2/17/2020,17,2,2020
,,,2238,2/17/2020,17,2,2020
,,,2239,2/17/2020,17,2,2020
,,,2240,3/18/2020,18,3,2020
,,,2241,3/18/2020,18,3,2020
,,,2242,3/18/2020,18,3,2020
,,,2243,3/18/2020,18,3,2020
,,,2244,3/18/2020,18,3,2020
,,,2245,3/18/2020,18,3,2020
,,,2246,3/18/2020,18,3,2020
,,,2247,3/18/2020,18,3,2020
,,,2248,3/18/2020,18,3,2020
,,,2249,3/18/2020,18,3,2020
,,,2250,3/18/2020,18,3,2020
,,,2251,3/18/2020,18,3,2020
,,,2252,3/18/2020,18,3,2020
,,,2253,3/18/2020,18,3,2020
,,,2254,3/18/2020,18,3,2020
,,,2255,3/18/2020,18,3,2020
,,,2256,3/18/2020,18,3,2020
,,,2257,3/18/2020,18,3,2020
,,,2258,3/18/2020,18,3,2020
,,,2259,3/18/2020,18,3,2020
,,,2260,3/18/2020,18,3,2020
,,,2261,3/18/2020,18,3,2020
,,,2262,3/18/2020,18,3,2020
,,,2263,3/18/2020,18,3,2020
,,,2264,3/18/2020,18,3,2020
,,,2265,3/18/2020,18,3,2020
,,,2266,3/18/2020,18,3,2020
,,,2267,3/18/2020,18,3,2020
,,,2268,3/18/2020,18,3,2020
,,,2269,3/18/2020,18,3,2020
,,,2270,3/18/2020,18,3,2020
,,,2271,3/18/2020,18,3,2020
,,,2272,3/18/2020,18,3,2020
,,,2273,3/18/2020,18,3,2020
,,,2274,3/18/2020,18,3,2020
,,,2275,3/18/2020,18,3,2020
,,,2276,3/18/2020,18,3,2020
,,,2277,3/18/2020,18,3,2020
,,,2278,3/18/2020,18,3,2020
,,,2279,3/18/2020,18,3,2020
,,,2280,3/18/2020,18,3,2020
,,,2281,3/18/2020,18,3,2020
,,,2282,3/18/2020,18,3,2020
,,,2283,3/18/2020,18,3,2020
,,,2284,3/18/2020,18,3,2020
,,,2285,5/24/2019,24,5,2019
,,,2286,5/24/2019,24,5,2019
,,,2287,5/24/2019,24,5,2019
,,,2288,5/24/2019,24,5,2019
,,,2289,5/24/2019,24,5,2019
,,,2290,5/24/2019,24,5,2019
,,,2291,5/24/2019,24,5,2019
,,,2292,5/24/2019,24,5,2019
,,,2293,5/24/2019,24,5,2019
,,,2294,5/24/2019,24,5,2019
,,,2295,5/24/2019,24,5,2019
,,,2296,5/24/2019,24,5,2019
,,,2297,5/24/2019,24,5,2019
,,,2298,5/24/2019,24,5,2019
,,,2299,5/24/2019,24,5,2019
,,,2300,5/24/2019,24,5,2019
,,,2301,5/24/2019,24,5,2019
,,,2302,5/24/2019,24,5,2019
,,,2303,5/24/2019,24,5,2019
,,,2304,5/24/2019,24,5,2019
,,,2305,5/24/2019,24,5,2019
,,,2306,5/24/2019,24,5,2019
,,,2307,5/24/2019,24,5,2019
,,,2308,5/24/2019,24,5,2019
,,,2309,5/24/2019,24,5,2019
,,,2310,5/24/2019,24,5,2019
,,,2311,5/24/2019,24,5,2019
,,,2312,5/24/2019,24,5,2019
,,,2313,5/24/2019,24,5,2019
,,,2314,5/24/2019,24,5,2019
,,,2315,5/24/2019,24,5,2019
,,,2316,5/24/2019,24,5,2019
,,,2317,5/24/2019,24,5,2019
,,,2318,5/24/2019,24,5,2019
,,,2319,5/24/2019,24,5,2019
,,,2320,5/24/2019,24,5,2019
,,,2321,5/24/2019,24,5,2019
,,,2322,5/24/2019,24,5,2019
,,,2323,5/24/2019,24,5,2019
,,,2324,5/24/2019,24,5,2019
,,,2325,5/24/2019,24,5,2019
,,,2326,5/24/2019,24,5,2019
,,,2327,5/24/2019,24,5,2019
,,,2328,5/24/2019,24,5,2019
,,,2329,5/24/2019,24,5,2019
,,,2330,5/24/2019,24,5,2019
,,,2331,5/24/2019,24,5,2019
,,,2332,5/24/2019,24,5,2019
,,,2333,5/24/2019,24,5,2019
,,,2334,5/24/2019,24,5,2019
,,,2335,5/24/2019,24,5,2019
,,,2336,5/24/2019,24,5,2019
,,,2337,5/24/2019,24,5,2019
,,,2338,5/24/2019,24,5,2019
,,,2339,5/24/2019,24,5,2019
,,,2340,5/24/2019,24,5,2019
,,,2341,1/7/2020,7,1,2020
,,,2342,1/11/2018,11,1,2018
,,,2343,12/16/2018,16,12,2018
,,,2344,11/19/2013,19,11,2013
,,,2345,1/28/2020,28,1,2020
,,,2346,12/3/2018,3,12,2018
,,,2347,2/25/2013,25,2,2013
,,,2348,12/27/2001,27,12,2001
,,,2349,12/27/2001,27,12,2001
,,,2350,7/8/2002,8,7,2002
,,,2351,7/8/2002,8,7,2002
,,,2352,8/19/2003,19,8,2003
,,,2353,8/19/2003,19,8,2003
,,,2354,9/23/2004,23,9,2004
,,,2355,9/23/2004,23,9,2004
,,,2356,1/30/2013,30,1,2013
,,,2357,5/5/2009,5,5,2009
,,,2358,9/25/2009,25,9,2009
,,,2359,9/25/2009,25,9,2009
,,,2360,12/3/2018,3,12,2018
,,,2361,2/12/2018,12,2,2018
,,,2362,3/1/2018,1,3,2018
,,,2363,12/28/2016,28,12,2016
,,,2364,12/28/2016,28,12,2016
,,,2365,1/8/2018,8,1,2018
,,,2366,1/8/2018,8,1,2018
,,,2367,1/31/2020,31,1,2020
,,,2368,11/22/2013,22,11,2013
,,,2369,11/22/2013,22,11,2013
,,,2370,11/22/2013,22,11,2013
,,,2371,6/22/2016,22,6,2016
,,,2372,7/12/2019,12,7,2019
,,,2373,11/20/2004,20,11,2004
,,,2374,9/23/2009,23,9,2009
,,,2375,3/6/2018,6,3,2018
,,,2376,3/29/2018,29,3,2018
,,,2377,9/27/2011,27,9,2011
,,,2378,12/5/2013,5,12,2013
,,,2379,6/21/2010,21,6,2010
,,,2380,10/24/2018,24,10,2018
,,,2381,8/9/2000,9,8,2000
,,,2382,12/21/2016,21,12,2016
,,,2383,8/15/2018,15,8,2018
,,,2384,8/15/2018,15,8,2018
,,,2385,3/29/2018,29,3,2018
,,,2386,4/5/2018,5,4,2018
,,,2387,4/5/2018,5,4,2018
,,,2388,4/11/2018,11,4,2018
,,,2389,4/14/2018,14,4,2018
,,,2390,4/18/2018,18,4,2018
,,,2391,4/18/2018,18,4,2018
,,,2392,5/3/2018,3,5,2018
,,,2393,5/11/2018,11,5,2018
,,,2394,6/4/2018,4,6,2018
,,,2395,6/5/2018,5,6,2018
,,,2396,7/14/2017,14,7,2017
,,,2397,1/21/2008,21,1,2008
,,,2398,12/16/2015,16,12,2015
,,,2399,7/9/2018,9,7,2018
,,,2400,7/22/2018,22,7,2018
,,,2401,7/29/2018,29,7,2018
,,,2402,7/29/2018,29,7,2018
,,,2403,7/31/2018,31,7,2018
,,,2404,8/7/2018,7,8,2018
,,,2405,8/22/2018,22,8,2018
,,,2406,8/24/2018,24,8,2018
,,,2407,7/13/2018,13,7,2018
,,,2408,8/24/2018,24,8,2018
,,,2409,6/15/2007,15,6,2007
,,,2410,9/10/2018,10,9,2018
,,,2411,9/15/2018,15,9,2018
,,,2412,7/22/2012,22,7,2012
,,,2413,9/15/2018,15,9,2018
,,,2414,9/19/2018,19,9,2018
,,,2415,9/19/2018,19,9,2018
,,,2416,12/3/2018,3,12,2018
,,,2417,9/25/2018,25,9,2018
,,,2418,9/25/2018,25,9,2018
,,,2419,10/15/2018,15,10,2018
,,,2420,10/1/2008,1,10,2008
,,,2421,10/15/2018,15,10,2018
,,,2422,10/17/2018,17,10,2018
,,,2423,10/29/2018,29,10,2018
,,,2424,11/1/2018,1,11,2018
,,,2425,11/14/2018,14,11,2018
,,,2426,8/24/2010,24,8,2010
,,,2427,5/6/2012,6,5,2012
,,,2428,10/26/2015,26,10,2015
,,,2429,4/29/2019,29,4,2019
,,,2430,4/29/2019,29,4,2019
,,,2431,3/2/2017,2,3,2017
,,,2432,11/15/2018,15,11,2018
,,,2433,11/18/2018,18,11,2018
,,,2434,11/18/2018,18,11,2018
,,,2435,11/29/2018,29,11,2018
,,,2436,11/29/2018,29,11,2018
,,,2437,10/29/2018,29,10,2018
,,,2438,8/17/2019,17,8,2019
,,,2439,6/5/2019,5,6,2019
,,,2440,12/7/2019,7,12,2019
,,,2441,12/7/2019,7,12,2019
,,,2442,1/15/2020,15,1,2020
,,,2443,12/21/2019,21,12,2019
,,,2444,11/29/2018,29,11,2018
,,,2445,9/8/2014,8,9,2014
,,,2446,9/19/2015,19,9,2015
,,,2447,9/24/2015,24,9,2015
,,,2448,9/24/2015,24,9,2015
,,,2449,6/5/2019,5,6,2019
,,,2450,6/5/2019,5,6,2019
,,,2451,1/21/2019,21,1,2019
,,,2452,11/3/2019,3,11,2019
,,,2453,12/7/2019,7,12,2019
,,,2454,12/7/2019,7,12,2019
,,,2455,1/18/2018,18,1,2018
,,,2456,1/18/2018,18,1,2018
,,,2457,11/19/2018,19,11,2018
,,,2458,12/3/2018,3,12,2018
,,,2459,6/19/2014,19,6,2014
,,,2460,12/7/2001,7,12,2001
,,,2461,12/4/2018,4,12,2018
,,,2462,12/4/2018,4,12,2018
,,,2463,12/19/2018,19,12,2018
,,,2464,12/20/2018,20,12,2018
,,,2465,12/25/2018,25,12,2018
,,,2466,12/25/2018,25,12,2018
,,,2467,1/10/2019,10,1,2019
,,,2468,12/6/2019,6,12,2019
,,,2469,2/5/2019,5,2,2019
,,,2470,6/29/2007,29,6,2007
,,,2471,11/6/2014,6,11,2014
,,,2472,2/25/2013,25,2,2013
,,,2473,2/5/2019,5,2,2019
,,,2474,2/21/2019,21,2,2019
,,,2475,3/11/2019,11,3,2019
,,,2476,3/16/2019,16,3,2019
,,,2477,12/11/2019,11,12,2019
,,,2478,12/11/2019,11,12,2019
,,,2479,6/23/2017,23,6,2017
,,,2480,1/11/2018,11,1,2018
,,,2481,3/31/2019,31,3,2019
,,,2482,4/11/2019,11,4,2019
,,,2483,4/20/2019,20,4,2019
,,,2484,5/17/2019,17,5,2019
,,,2485,5/30/2019,30,5,2019
,,,2486,6/17/2019,17,6,2019
,,,2487,8/10/2018,10,8,2018
,,,2488,7/29/2009,29,7,2009
,,,2489,7/8/2014,8,7,2014
,,,2490,5/24/2014,24,5,2014
,,,2491,1/31/2019,31,1,2019
,,,2492,6/23/2017,23,6,2017
,,,2493,11/21/2013,21,11,2013
,,,2494,12/27/2018,27,12,2018
,,,2495,6/20/2019,20,6,2019
,,,2496,6/20/2019,20,6,2019
,,,2497,7/5/2019,5,7,2019
,,,2498,6/30/2014,30,6,2014
,,,2499,12/16/2015,16,12,2015
,,,2500,12/16/2015,16,12,2015
,,,2501,8/1/2017,1,8,2017
,,,2502,6/23/2017,23,6,2017
,,,2503,6/24/2019,24,6,2019
,,,2504,6/25/2019,25,6,2019
,,,2505,6/25/2019,25,6,2019
,,,2506,6/25/2019,25,6,2019
,,,2507,5/7/2013,7,5,2013
,,,2508,9/28/2012,28,9,2012
,,,2509,10/9/2017,9,10,2017
,,,2510,6/23/2017,23,6,2017
,,,2511,1/25/2018,25,1,2018
,,,2512,6/25/2019,25,6,2019
,,,2513,6/25/2019,25,6,2019
,,,2514,6/25/2019,25,6,2019
,,,2515,6/25/2019,25,6,2019
,,,2516,6/25/2019,25,6,2019
,,,2517,6/25/2019,25,6,2019
,,,2518,8/5/2019,5,8,2019
,,,2519,8/6/2019,6,8,2019
,,,2520,8/6/2019,6,8,2019
,,,2521,8/6/2019,6,8,2019
,,,2522,8/8/2019,8,8,2019
,,,2523,11/21/2013,21,11,2013
,,,2524,7/14/2017,14,7,2017
,,,2525,9/18/2007,18,9,2007
,,,2526,10/8/2009,8,10,2009
,,,2527,8/13/2014,13,8,2014
,,,2528,6/5/2019,5,6,2019
,,,2529,8/30/2019,30,8,2019
,,,2530,8/17/2019,17,8,2019
,,,2531,11/18/2012,18,11,2012
,,,2532,6/27/2018,27,6,2018
,,,2533,6/27/2018,27,6,2018
,,,2534,2/19/2020,19,2,2020
,,,2535,2/19/2020,19,2,2020
,,,2536,2/19/2020,19,2,2020
,,,2537,2/19/2020,19,2,2020
,,,2538,8/8/2019,8,8,2019
,,,2539,9/22/2019,22,9,2019
,,,2540,12/10/1999,10,12,1999
,,,2541,11/9/2016,9,11,2016
,,,2542,4/20/2011,20,4,2011
,,,2543,9/22/2019,22,9,2019
,,,2544,12/15/2009,15,12,2009
,,,2545,9/19/2015,19,9,2015
,,,2546,9/19/2015,19,9,2015
,,,2547,9/19/2015,19,9,2015
,,,2548,9/19/2015,19,9,2015
,,,2549,9/19/2015,19,9,2015
,,,2550,1/9/2017,9,1,2017
,,,2551,10/9/2019,9,10,2019
,,,2552,10/9/2019,9,10,2019
,,,2553,10/18/2019,18,10,2019
,,,2554,11/23/2019,23,11,2019
,,,2555,11/23/2019,23,11,2019
,,,2556,11/26/2019,26,11,2019
,,,2557,11/26/2019,26,11,2019
,,,2558,8/9/2010,9,8,2010
,,,2559,9/22/2010,22,9,2010
,,,2560,11/9/2011,9,11,2011
,,,2561,11/29/2011,29,11,2011
,,,2562,5/10/2012,10,5,2012
,,,2563,5/29/2012,29,5,2012
,,,2564,11/25/2012,25,11,2012
,,,2565,11/25/2012,25,11,2012
,,,2566,11/25/2012,25,11,2012
,,,2567,9/1/2013,1,9,2013
,,,2568,9/1/2013,1,9,2013
,,,2569,9/1/2013,1,9,2013
,,,2570,10/29/2013,29,10,2013
,,,2571,11/20/2013,20,11,2013
,,,2572,8/9/2014,9,8,2014
,,,2573,8/9/2014,9,8,2014
,,,2574,8/9/2014,9,8,2014
,,,2575,9/8/2014,8,9,2014
,,,2576,10/20/2014,20,10,2014
,,,2577,11/14/2014,14,11,2014
,,,2578,11/20/2014,20,11,2014
,,,2579,12/10/2014,10,12,2014
,,,2580,12/10/2014,10,12,2014
,,,2581,12/10/2014,10,12,2014
,,,2582,12/27/2014,27,12,2014
,,,2583,8/27/2015,27,8,2015
,,,2584,11/8/2015,8,11,2015
,,,2585,11/26/2015,26,11,2015
,,,2586,5/15/2016,15,5,2016
,,,2587,9/29/2017,29,9,2017
,,,2588,9/29/2017,29,9,2017
,,,2589,9/29/2017,29,9,2017
,,,2590,3/24/2020,24,3,2020
,,,2591,3/24/2020,24,3,2020
,,,2592,11/26/2017,26,11,2017
,,,2593,11/26/2017,26,11,2017
,,,2594,11/26/2017,26,11,2017
,,,2595,12/25/2017,25,12,2017
,,,2596,12/25/2017,25,12,2017
,,,2597,12/25/2017,25,12,2017
,,,2598,1/25/2018,25,1,2018
,,,2599,1/25/2018,25,1,2018
,,,2600,1/25/2018,25,1,2018
,,,2601,7/26/2019,26,7,2019
,,,2602,7/26/2019,26,7,2019
,,,2603,7/26/2019,26,7,2019
,,,2604,4/10/2018,10,4,2018
,,,2605,4/10/2018,10,4,2018
,,,2606,4/10/2018,10,4,2018
,,,2607,10/8/2018,8,10,2018
,,,2608,12/1/2008,1,12,2008
,,,2609,4/22/2009,22,4,2009
,,,2610,12/9/2009,9,12,2009
,,,2611,12/15/2009,15,12,2009
,,,2612,3/5/2010,5,3,2010
,,,2613,3/5/2010,5,3,2010
,,,2614,3/5/2010,5,3,2010
,,,2615,3/24/2020,24,3,2020
,,,2616,10/8/2018,8,10,2018
,,,2617,1/16/2020,16,1,2020
,,,2618,4/20/2011,20,4,2011
,,,2619,5/23/2008,23,5,2008
,,,2620,11/11/2016,11,11,2016
,,,2621,9/25/2019,25,9,2019
,,,2622,12/29/2018,29,12,2018
,,,2623,12/29/2018,29,12,2018
,,,2624,12/29/2018,29,12,2018
,,,2625,12/29/2018,29,12,2018
,,,2626,12/29/2018,29,12,2018
,,,2627,12/29/2018,29,12,2018
,,,2628,5/18/2017,18,5,2017
,,,2629,11/21/2013,21,11,2013
,,,2630,11/27/2018,27,11,2018
,,,2631,11/4/2004,4,11,2004
,,,2632,2/2/2018,2,2,2018
,,,2633,9/22/2010,22,9,2010
,,,2634,9/22/2010,22,9,2010
,,,2635,9/19/2015,19,9,2015
,,,2636,9/19/2015,19,9,2015
,,,2637,11/27/2019,27,11,2019
,,,2638,12/16/2019,16,12,2019
,,,2639,12/16/2019,16,12,2019
,,,2640,12/17/2019,17,12,2019
,,,2641,12/24/2019,24,12,2019
,,,2642,12/27/2019,27,12,2019
,,,2643,1/7/2020,7,1,2020
,,,2644,1/16/2020,16,1,2020
,,,2645,1/16/2020,16,1,2020
,,,2646,2/18/2020,18,2,2020
,,,2647,2/18/2020,18,2,2020
,,,2648,3/9/2020,9,3,2020
,,,2649,3/26/2020,26,3,2020
,,,2650,4/26/2018,26,4,2018
,,,2651,4/26/2018,26,4,2018
,,,2652,4/26/2018,26,4,2018
,,,2653,4/26/2018,26,4,2018
,,,2654,9/19/2019,19,9,2019
,,,2655,9/19/2019,19,9,2019
,,,2656,9/19/2019,19,9,2019
,,,2657,9/19/2019,19,9,2019
,,,2658,6/15/2017,15,6,2017
,,,2659,6/15/2017,15,6,2017
,,,2660,4/26/2018,26,4,2018
,,,2661,9/19/2019,19,9,2019
,,,2662,12/22/2011,22,12,2011
,,,2663,9/14/2019,14,9,2019
,,,2664,1/9/2012,9,1,2012
,,,2665,5/29/2016,29,5,2016
