{"Country_of_Operator_Owner":{"0":"Algeria","1":"Algeria","2":"Algeria","3":"Argentina","4":"Argentina","5":"Argentina","6":"Argentina","7":"Argentina","8":"Argentina","9":"Argentina","10":"Argentina","11":"Argentina","12":"Australia","13":"Australia","14":"Australia","15":"Australia","16":"Australia","17":"Australia","18":"Australia","19":"Australia","20":"Australia","21":"Austria","22":"Azerbaijan","23":"Azerbaijan","24":"Bangladesh","25":"Belarus","26":"Belarus","27":"Belgium","28":"Bhutan","29":"Bolivia","30":"Brazil","31":"Brazil","32":"Brazil","33":"Brazil","34":"Brazil","35":"Brazil","36":"Brazil","37":"Brazil","38":"Brazil","39":"Brazil","40":"Bulgaria","41":"Canada","42":"Canada","43":"Canada","44":"Canada","45":"Canada","46":"Canada","47":"Canada","48":"Canada","49":"Canada","50":"Canada","51":"Canada","52":"Canada","53":"Canada","54":"Canada","55":"Canada","56":"Canada","57":"Chile","58":"China","59":"China","60":"China","61":"China","62":"China","63":"China","64":"China","65":"China","66":"China","67":"China","68":"China","69":"China","70":"China","71":"China","72":"China","73":"China","74":"China","75":"China","76":"China","77":"China\/Brazil","78":"China\/Brazil","79":"China\/France","80":"China\/France","81":"China\/Germany","82":"China\/Italy","83":"Colombia","84":"Czech Republic","85":"Czech Republic","86":"Czech Republic","87":"Denmark","88":"Denmark","89":"Denmark","90":"Denmark","91":"European Space Agency","92":"European Space Agency","93":"European Space Agency","94":"European Space Agency","95":"European Space Agency","96":"European Space Agency","97":"European Space Agency","98":"European Space Agency","99":"European Space Agency","100":"European Space Agency","101":"European Space Agency","102":"European Space Agency","103":"European Space Agency","104":"European Space Agency","105":"European Space Agency\/United States of America","106":"European Space Agency\/United States of America\/Russia","107":"Ecuador","108":"Egypt","109":"Egypt","110":"Ethiopia","111":"Finland","112":"Finland","113":"Finland","114":"France","115":"France","116":"France","117":"France","118":"France","119":"France","120":"France","121":"France","122":"France\/Belgium\/Sweden","123":"France\/Belgium\/Sweden","124":"France\/Israel","125":"France\/Italy","126":"France\/Italy","127":"France\/Italy","128":"France\/Italy\/Belgium\/Spain\/Greece","129":"France\/Italy\/Belgium\/Spain\/Greece","130":"France\/United States of America","131":"Germany","132":"Germany","133":"Germany","134":"Germany","135":"Germany","136":"Germany","137":"Germany","138":"Germany","139":"Germany","140":"Germany","141":"Germany","142":"Germany","143":"Germany","144":"Germany","145":"Greece","146":"Greece","147":"Greece\/United Kingdom","148":"Hungary","149":"India","150":"India","151":"India","152":"India","153":"India","154":"India","155":"India","156":"India","157":"India","158":"India","159":"India","160":"India","161":"India","162":"India","163":"India","164":"India","165":"India\/Canada","166":"India\/France","167":"India\/France","168":"Indonesia","169":"Indonesia","170":"Indonesia","171":"Indonesia","172":"Indonesia","173":"Indonesia","174":"Indonesia","175":"Indonesia","176":"Iran","177":"Iraq","178":"Israel","179":"Israel","180":"Israel","181":"Israel","182":"Israel","183":"Israel","184":"Israel","185":"Israel","186":"Israel","187":"Italy","188":"Italy","189":"Italy","190":"Italy","191":"Italy","192":"Italy","193":"Italy","194":"Italy","195":"Japan","196":"Japan","197":"Japan","198":"Japan","199":"Japan","200":"Japan","201":"Japan","202":"Japan","203":"Japan","204":"Japan","205":"Japan","206":"Japan","207":"Japan","208":"Japan","209":"Japan","210":"Japan","211":"Japan","212":"Japan","213":"Japan","214":"Japan","215":"Japan\/Singapore","216":"Japan\/Singapore","217":"Jordan","218":"Kazakhstan","219":"Kazakhstan","220":"Kazakhstan","221":"Laos","222":"Latvia","223":"Lithuania","224":"Luxembourg","225":"Luxembourg","226":"Luxembourg","227":"Luxembourg","228":"Luxembourg","229":"Luxembourg","230":"Luxembourg","231":"Luxembourg","232":"Luxembourg","233":"Luxembourg","234":"Luxembourg","235":"Luxembourg","236":"Luxembourg","237":"Luxembourg","238":"Luxembourg","239":"Luxembourg","240":"Luxembourg","241":"Luxembourg","242":"Luxembourg","243":"Malaysia","244":"Malaysia","245":"Malaysia","246":"Malaysia","247":"Mexico","248":"Mexico","249":"Mexico","250":"Morocco","251":"Morocco","252":"Morocco\/Germany","253":"Multinational","254":"Multinational","255":"Multinational","256":"Multinational","257":"Multinational","258":"Multinational","259":"Multinational","260":"Multinational","261":"Multinational","262":"Multinational","263":"Multinational","264":"Multinational","265":"Multinational","266":"Multinational","267":"Multinational","268":"Multinational","269":"Multinational","270":"Multinational","271":"Multinational","272":"Multinational","273":"Multinational","274":"Multinational","275":"Multinational","276":"Nepal","277":"Netherlands","278":"Netherlands","279":"Netherlands","280":"Netherlands","281":"Netherlands","282":"Netherlands","283":"Netherlands","284":"Netherlands","285":"Netherlands","286":"Nigeria","287":"Norway","288":"Norway","289":"Norway","290":"Norway","291":"Norway","292":"Norway","293":"Pakistan","294":"Pakistan","295":"Peru","296":"Philippines","297":"Philippines","298":"Poland","299":"Poland","300":"Qatar","301":"Russia","302":"Russia","303":"Russia","304":"Russia","305":"Russia","306":"Russia","307":"Russia","308":"Russia","309":"Russia","310":"Russia","311":"Russia","312":"Russia","313":"Russia","314":"Russia","315":"Russia","316":"Russia","317":"Russia","318":"Russia","319":"Russia","320":"Russia","321":"Russia","322":"Russia\/United States of America","323":"Saudi Arabia","324":"Saudi Arabia","325":"Saudi Arabia","326":"Saudi Arabia","327":"Saudi Arabia","328":"Singapore","329":"Singapore","330":"Singapore","331":"Singapore","332":"Singapore\/Taiwan","333":"South Africa","334":"South Africa","335":"South Africa","336":"South Africa","337":"South Korea","338":"South Korea","339":"South Korea","340":"South Korea","341":"South Korea","342":"South Korea","343":"South Korea","344":"South Korea","345":"Spain","346":"Spain","347":"Spain","348":"Spain","349":"Spain","350":"Spain","351":"Spain","352":"Spain","353":"Spain","354":"Spain","355":"Spain","356":"Sri Lanka","357":"Sudan","358":"Sweden","359":"Sweden","360":"Switzerland","361":"Switzerland","362":"Switzerland","363":"Switzerland","364":"Taiwan","365":"Taiwan\/United States of America","366":"Taiwan\/United States of America","367":"Thailand","368":"Thailand","369":"Thailand","370":"Thailand","371":"Thailand","372":"Turkey","373":"Turkey","374":"Turkey","375":"Turkey","376":"Turkey","377":"Turkey","378":"Turkey","379":"Turkmenistan\/Monaco","380":"United States of America","381":"United States of America","382":"United States of America","383":"United States of America","384":"United States of America","385":"United States of America","386":"United States of America","387":"United States of America","388":"United States of America","389":"United States of America","390":"United States of America","391":"United States of America","392":"United States of America","393":"United States of America","394":"United States of America","395":"United States of America","396":"United States of America","397":"United States of America","398":"United States of America","399":"United States of America","400":"United States of America","401":"United States of America","402":"United States of America","403":"United States of America","404":"United States of America","405":"United States of America","406":"United States of America","407":"United States of America","408":"United States of America","409":"United States of America","410":"United States of America","411":"United States of America","412":"United States of America\/Argentina","413":"United States of America\/Argentina","414":"United States of America\/Argentina","415":"United States of America\/Canada","416":"United States of America\/Canada","417":"United States of America\/Canada\/Japan","418":"United States of America\/France","419":"United States of America\/Germany","420":"United States of America\/Japan","421":"United States of America\/Japan","422":"United States of America\/Japan","423":"United States of America\/Japan","424":"United States of America\/Japan","425":"United States of America\/Japan\/Brazil","426":"United States of America\/Mexico","427":"United States of America\/Sweden","428":"United States of America\/United Kingdom\/Italy","429":"Ukraine","430":"United Arab Emirates","431":"United Arab Emirates","432":"United Arab Emirates","433":"United Arab Emirates","434":"United Arab Emirates","435":"United Arab Emirates","436":"United Arab Emirates","437":"United Kingdom","438":"United Kingdom","439":"United Kingdom","440":"United Kingdom","441":"United Kingdom","442":"United Kingdom","443":"United Kingdom","444":"United Kingdom","445":"United Kingdom","446":"United Kingdom","447":"United Kingdom","448":"United Kingdom","449":"United Kingdom","450":"United Kingdom","451":"United Kingdom","452":"United Kingdom","453":"United Kingdom","454":"United Kingdom\/European Space Agency","455":"Venezuela","456":"Venezuela","457":"Vietnam","458":"Vietnam","459":"Vietnam","460":"Vietnam"},"Launch_Date_year":{"0":2010,"1":2016,"2":2017,"3":2002,"4":2004,"5":2013,"6":2014,"7":2015,"8":2016,"9":2017,"10":2018,"11":2020,"12":2003,"13":2006,"14":2007,"15":2009,"16":2014,"17":2015,"18":2016,"19":2017,"20":2018,"21":2013,"22":2013,"23":2018,"24":2018,"25":2012,"26":2016,"27":2020,"28":2018,"29":2013,"30":1993,"31":1998,"32":2000,"33":2007,"34":2008,"35":2012,"36":2015,"37":2016,"38":2017,"39":2019,"40":2017,"41":2000,"42":2002,"43":2003,"44":2004,"45":2005,"46":2007,"47":2008,"48":2009,"49":2011,"50":2012,"51":2013,"52":2014,"53":2015,"54":2016,"55":2018,"56":2019,"57":2011,"58":1999,"59":2003,"60":2004,"61":2005,"62":2006,"63":2007,"64":2008,"65":2009,"66":2010,"67":2011,"68":2012,"69":2013,"70":2014,"71":2015,"72":2016,"73":2017,"74":2018,"75":2019,"76":2020,"77":2014,"78":2019,"79":2018,"80":2019,"81":2019,"82":2018,"83":2018,"84":2017,"85":2018,"86":2019,"87":2013,"88":2016,"89":2018,"90":2019,"91":1999,"92":2000,"93":2001,"94":2009,"95":2010,"96":2011,"97":2012,"98":2013,"99":2014,"100":2015,"101":2016,"102":2017,"103":2018,"104":2019,"105":1990,"106":2002,"107":2019,"108":2010,"109":2019,"110":2019,"111":2017,"112":2018,"113":2019,"114":2005,"115":2006,"116":2009,"117":2011,"118":2012,"119":2017,"120":2018,"121":2019,"122":2012,"123":2014,"124":2017,"125":2011,"126":2014,"127":2015,"128":2004,"129":2009,"130":2006,"131":1999,"132":2001,"133":2006,"134":2007,"135":2008,"136":2009,"137":2010,"138":2012,"139":2013,"140":2014,"141":2016,"142":2017,"143":2018,"144":2019,"145":2003,"146":2019,"147":2017,"148":2019,"149":2003,"150":2005,"151":2007,"152":2008,"153":2009,"154":2010,"155":2011,"156":2012,"157":2013,"158":2014,"159":2015,"160":2016,"161":2017,"162":2018,"163":2019,"164":2020,"165":2011,"166":2011,"167":2013,"168":2005,"169":2007,"170":2009,"171":2015,"172":2016,"173":2017,"174":2018,"175":2019,"176":2005,"177":2014,"178":2002,"179":2006,"180":2007,"181":2008,"182":2010,"183":2013,"184":2014,"185":2016,"186":2019,"187":2001,"188":2007,"189":2008,"190":2009,"191":2010,"192":2017,"193":2018,"194":2019,"195":1999,"196":2000,"197":2002,"198":2003,"199":2005,"200":2006,"201":2007,"202":2008,"203":2009,"204":2010,"205":2011,"206":2012,"207":2013,"208":2014,"209":2015,"210":2016,"211":2017,"212":2018,"213":2019,"214":2020,"215":2018,"216":2019,"217":2018,"218":2011,"219":2014,"220":2018,"221":2015,"222":2017,"223":2019,"224":1994,"225":1996,"226":1997,"227":1998,"228":2000,"229":2001,"230":2002,"231":2006,"232":2007,"233":2008,"234":2009,"235":2010,"236":2011,"237":2012,"238":2013,"239":2014,"240":2016,"241":2017,"242":2018,"243":2006,"244":2009,"245":2014,"246":2018,"247":2012,"248":2015,"249":2019,"250":2017,"251":2018,"252":2001,"253":1992,"254":1998,"255":1999,"256":2000,"257":2001,"258":2002,"259":2004,"260":2005,"261":2006,"262":2007,"263":2008,"264":2009,"265":2010,"266":2011,"267":2012,"268":2013,"269":2014,"270":2015,"271":2016,"272":2017,"273":2018,"274":2019,"275":2020,"276":2019,"277":1997,"278":2000,"279":2002,"280":2005,"281":2008,"282":2009,"283":2013,"284":2017,"285":2018,"286":2011,"287":2008,"288":2009,"289":2010,"290":2014,"291":2015,"292":2017,"293":2011,"294":2018,"295":2016,"296":2016,"297":2018,"298":2018,"299":2019,"300":2018,"301":1994,"302":2001,"303":2002,"304":2003,"305":2004,"306":2005,"307":2006,"308":2007,"309":2008,"310":2009,"311":2010,"312":2011,"313":2012,"314":2013,"315":2014,"316":2015,"317":2016,"318":2017,"319":2018,"320":2019,"321":2020,"322":2014,"323":2002,"324":2004,"325":2007,"326":2014,"327":2018,"328":2011,"329":2014,"330":2015,"331":2019,"332":2011,"333":2013,"334":2014,"335":2017,"336":2018,"337":2006,"338":2010,"339":2012,"340":2013,"341":2015,"342":2017,"343":2018,"344":2020,"345":2002,"346":2004,"347":2005,"348":2006,"349":2009,"350":2010,"351":2013,"352":2014,"353":2017,"354":2018,"355":2019,"356":2019,"357":2019,"358":2001,"359":2007,"360":2009,"361":2017,"362":2018,"363":2019,"364":2017,"365":2006,"366":2019,"367":2005,"368":2008,"369":2014,"370":2016,"371":2019,"372":2008,"373":2009,"374":2011,"375":2012,"376":2014,"377":2015,"378":2016,"379":2015,"380":1974,"381":1988,"382":1989,"383":1991,"384":1993,"385":1994,"386":1995,"387":1996,"388":1997,"389":1998,"390":1999,"391":2000,"392":2001,"393":2002,"394":2003,"395":2004,"396":2005,"397":2006,"398":2007,"399":2008,"400":2009,"401":2010,"402":2011,"403":2012,"404":2013,"405":2014,"406":2015,"407":2016,"408":2017,"409":2018,"410":2019,"411":2020,"412":2009,"413":2013,"414":2014,"415":1995,"416":1996,"417":1999,"418":2016,"419":2018,"420":2003,"421":2007,"422":2012,"423":2014,"424":2018,"425":2002,"426":2020,"427":2019,"428":2004,"429":2014,"430":2003,"431":2008,"432":2011,"433":2012,"434":2013,"435":2017,"436":2018,"437":1990,"438":1996,"439":1998,"440":1999,"441":2005,"442":2007,"443":2008,"444":2009,"445":2010,"446":2012,"447":2013,"448":2014,"449":2015,"450":2017,"451":2018,"452":2019,"453":2020,"454":2013,"455":2012,"456":2017,"457":2008,"458":2012,"459":2013,"460":2019},"Satellite_Counts":{"0":1,"1":3,"2":1,"3":2,"4":2,"5":1,"6":2,"7":1,"8":2,"9":1,"10":3,"11":2,"12":1,"13":1,"14":1,"15":1,"16":1,"17":1,"18":1,"19":1,"20":4,"21":1,"22":1,"23":1,"24":1,"25":1,"26":1,"27":1,"28":1,"29":1,"30":1,"31":1,"32":1,"33":1,"34":1,"35":1,"36":1,"37":1,"38":2,"39":1,"40":1,"41":1,"42":1,"43":2,"44":1,"45":1,"46":2,"47":3,"48":2,"49":3,"50":2,"51":5,"52":4,"53":2,"54":3,"55":4,"56":3,"57":1,"58":1,"59":1,"60":4,"61":3,"62":2,"63":1,"64":9,"65":6,"66":18,"67":15,"68":22,"69":14,"70":21,"71":36,"72":20,"73":29,"74":80,"75":62,"76":12,"77":1,"78":1,"79":1,"80":1,"81":2,"82":1,"83":1,"84":1,"85":1,"86":1,"87":1,"88":1,"89":2,"90":1,"91":1,"92":4,"93":1,"94":2,"95":1,"96":2,"97":2,"98":4,"99":3,"100":7,"101":8,"102":6,"103":7,"104":5,"105":1,"106":1,"107":1,"108":1,"109":2,"110":1,"111":1,"112":4,"113":2,"114":1,"115":1,"116":2,"117":4,"118":1,"119":1,"120":1,"121":1,"122":1,"123":1,"124":1,"125":1,"126":1,"127":1,"128":1,"129":1,"130":1,"131":1,"132":1,"133":1,"134":3,"135":7,"136":1,"137":2,"138":1,"139":1,"140":1,"141":1,"142":3,"143":8,"144":6,"145":1,"146":1,"147":1,"148":2,"149":1,"150":1,"151":3,"152":1,"153":1,"154":1,"155":4,"156":2,"157":3,"158":4,"159":4,"160":10,"161":8,"162":9,"163":5,"164":1,"165":1,"166":1,"167":1,"168":1,"169":1,"170":1,"171":1,"172":2,"173":1,"174":1,"175":1,"176":1,"177":1,"178":1,"179":1,"180":1,"181":2,"182":1,"183":1,"184":2,"185":1,"186":5,"187":1,"188":2,"189":1,"190":1,"191":1,"192":3,"193":1,"194":2,"195":1,"196":1,"197":3,"198":1,"199":1,"200":3,"201":1,"202":2,"203":5,"204":2,"205":3,"206":3,"207":4,"208":13,"209":2,"210":7,"211":9,"212":8,"213":7,"214":2,"215":1,"216":1,"217":1,"218":1,"219":3,"220":3,"221":1,"222":1,"223":2,"224":1,"225":1,"226":1,"227":1,"228":2,"229":1,"230":1,"231":1,"232":1,"233":1,"234":1,"235":2,"236":3,"237":3,"238":3,"239":2,"240":1,"241":3,"242":3,"243":1,"244":1,"245":1,"246":2,"247":1,"248":2,"249":1,"250":1,"251":1,"252":1,"253":1,"254":1,"255":4,"256":1,"257":2,"258":2,"259":2,"260":2,"261":6,"262":3,"263":3,"264":3,"265":4,"266":4,"267":4,"268":4,"269":3,"270":5,"271":4,"272":1,"273":1,"274":3,"275":1,"276":1,"277":1,"278":1,"279":2,"280":1,"281":1,"282":2,"283":1,"284":1,"285":2,"286":3,"287":1,"288":1,"289":1,"290":1,"291":1,"292":2,"293":1,"294":2,"295":1,"296":1,"297":1,"298":1,"299":1,"300":1,"301":1,"302":2,"303":2,"304":4,"305":3,"306":3,"307":2,"308":5,"309":5,"310":6,"311":10,"312":9,"313":8,"314":17,"315":22,"316":15,"317":7,"318":6,"319":17,"320":21,"321":2,"322":2,"323":1,"324":3,"325":6,"326":1,"327":2,"328":1,"329":1,"330":5,"331":1,"332":1,"333":1,"334":1,"335":2,"336":1,"337":2,"338":2,"339":1,"340":2,"341":1,"342":2,"343":5,"344":1,"345":1,"346":1,"347":1,"348":1,"349":3,"350":1,"351":2,"352":2,"353":2,"354":5,"355":2,"356":1,"357":1,"358":1,"359":1,"360":1,"361":1,"362":1,"363":1,"364":1,"365":5,"366":6,"367":1,"368":1,"369":1,"370":1,"371":1,"372":1,"373":1,"374":1,"375":1,"376":1,"377":1,"378":1,"379":1,"380":1,"381":1,"382":1,"383":1,"384":2,"385":2,"386":3,"387":3,"388":21,"389":14,"390":13,"391":18,"392":8,"393":12,"394":14,"395":11,"396":12,"397":13,"398":22,"399":12,"400":17,"401":20,"402":26,"403":23,"404":27,"405":33,"406":46,"407":48,"408":249,"409":163,"410":220,"411":252,"412":2,"413":1,"414":1,"415":1,"416":1,"417":1,"418":1,"419":2,"420":1,"421":1,"422":1,"423":1,"424":1,"425":1,"426":1,"427":1,"428":1,"429":1,"430":1,"431":1,"432":1,"433":1,"434":1,"435":1,"436":2,"437":1,"438":3,"439":1,"440":1,"441":2,"442":2,"443":2,"444":1,"445":1,"446":2,"447":6,"448":9,"449":6,"450":4,"451":10,"452":11,"453":68,"454":1,"455":1,"456":1,"457":1,"458":1,"459":1,"460":1}}