,Launch_Date,Launch_Day,Launch_Month,Launch_Year
0,2019-12-11,11,12,2019
1,1988-09-29,29,9,1988
2,1989-09-25,25,9,1989
3,2016-04-25,25,4,2016
4,1990-08-30,30,8,1990
5,1991-08-02,2,8,1991
6,1993-01-13,13,1,1993
7,1993-09-03,3,9,1993
8,1994-02-07,7,2,1994
9,1994-08-27,27,8,1994
10,1994-11-01,1,11,1994
11,1995-01-29,29,1,1995
12,1995-04-07,7,4,1995
13,1995-07-13,13,7,1995
14,1995-07-31,31,7,1995
15,1996-04-03,3,4,1996
16,1996-04-18,18,4,1996
17,1996-04-20,20,4,1996
18,1996-04-24,24,4,1996
19,1996-09-06,6,9,1996
20,1996-09-08,8,9,1996
21,2012-09-13,13,9,2012
22,1996-12-18,18,12,1996
23,2019-08-09,9,8,2019
24,2019-08-09,9,8,2019
25,2018-12-17,17,12,2018
26,2018-12-17,17,12,2018
27,2018-07-16,16,7,2018
28,2018-07-16,16,7,2018
29,2020-01-31,31,1,2020
30,2020-01-31,31,1,2020
31,2020-01-31,31,1,2020
32,2015-10-08,8,10,2015
33,2014-06-19,19,6,2014
34,2014-06-19,19,6,2014
35,2015-10-08,8,10,2015
36,2015-05-20,20,5,2015
37,2015-05-20,20,5,2015
38,2016-11-11,11,11,2016
39,1997-01-30,30,1,1997
40,2007-04-25,25,4,2007
41,2014-06-30,30,6,2014
42,2010-07-12,12,7,2010
43,2014-07-08,8,7,2014
44,2013-12-28,28,12,2013
45,2013-04-19,19,4,2013
46,2016-04-27,27,4,2016
47,2018-12-03,3,12,2018
48,2019-04-01,1,4,2019
49,1997-02-16,16,2,1997
50,1997-02-23,23,2,1997
51,2019-12-06,6,12,2019
52,2018-12-03,3,12,2018
53,2013-12-06,6,12,2013
54,2016-09-26,26,9,2016
55,2016-09-26,26,9,2016
56,2016-09-26,26,9,2016
57,2010-07-12,12,7,2010
58,1997-05-24,24,5,1997
59,1997-08-28,28,8,1997
60,1997-09-04,4,9,1997
61,1997-09-23,23,9,1997
62,1997-10-24,24,10,1997
63,1997-11-08,8,11,1997
64,1997-12-02,2,12,1997
65,1998-02-04,4,2,1998
66,1998-03-16,16,3,1998
67,1998-05-09,9,5,1998
68,1998-08-30,30,8,1998
69,1999-01-21,21,1,1999
70,1999-02-15,15,2,1999
71,1999-02-26,26,2,1999
72,2019-07-05,5,7,2019
73,1999-03-21,21,3,1999
74,1999-05-20,20,5,1999
75,1999-09-04,4,9,1999
76,1974-11-15,15,11,1974
77,2019-12-18,18,12,2019
78,1999-09-26,26,9,1999
79,1999-10-19,19,10,1999
80,1999-11-13,13,11,1999
81,1999-11-24,24,11,1999
82,2000-01-01,1,1,2000
83,2019-01-18,18,1,2019
84,2004-06-29,29,6,2004
85,2014-06-19,19,6,2014
86,2004-06-29,29,6,2004
87,2009-07-29,29,7,2009
88,2009-07-29,29,7,2009
89,2011-08-17,17,8,2011
90,2013-11-21,21,11,2013
91,2013-11-21,21,11,2013
92,2014-06-19,19,6,2014
93,2000-03-21,21,3,2000
94,2000-05-18,18,5,2000
95,2000-05-24,24,5,2000
96,2000-06-30,30,6,2000
97,2000-07-28,28,7,2000
98,2000-08-17,17,8,2000
99,2000-09-14,14,9,2000
100,2018-01-11,11,1,2018
101,2000-10-02,2,10,2000
102,2000-10-07,7,10,2000
103,2000-10-20,20,10,2000
104,2000-10-22,22,10,2000
105,2000-10-29,29,10,2000
106,2000-11-15,15,11,2000
107,2000-11-21,21,11,2000
108,2000-12-19,19,12,2000
109,2000-12-19,19,12,2000
110,2001-02-07,7,2,2001
111,2014-11-06,6,11,2014
112,2018-01-17,17,1,2018
113,2017-11-20,20,11,2017
114,2001-02-27,27,2,2001
115,2001-03-08,8,3,2001
116,2001-05-14,14,5,2001
117,2001-06-09,9,6,2001
118,2001-06-16,16,6,2001
119,2001-08-06,6,8,2001
120,2001-08-30,30,8,2001
121,2001-09-25,25,9,2001
122,2002-01-16,16,1,2002
123,2002-02-21,21,2,2002
124,2002-02-23,23,2,2002
125,2002-03-08,8,3,2002
126,2002-03-29,29,3,2002
127,2002-03-29,29,3,2002
128,2002-03-30,30,3,2002
129,2002-04-16,16,4,2002
130,2002-05-07,7,5,2002
131,2018-01-11,11,1,2018
132,2018-12-03,3,12,2018
133,2019-04-01,1,4,2019
134,2015-09-28,28,9,2015
135,2002-06-05,5,6,2002
136,2002-06-15,15,6,2002
137,2015-12-16,16,12,2015
138,2019-12-06,6,12,2019
139,2014-06-19,19,6,2014
140,2002-07-05,5,7,2002
141,2002-07-05,5,7,2002
142,2020-02-19,19,2,2020
143,2002-08-21,21,8,2002
144,2002-09-06,6,9,2002
145,2002-09-10,10,9,2002
146,2002-09-18,18,9,2002
147,2002-12-04,4,12,2002
148,2002-12-17,17,12,2002
149,2015-02-27,27,2,2015
150,2016-03-24,24,3,2016
151,2019-12-21,21,12,2019
152,2019-07-05,5,7,2019
153,2012-04-28,28,4,2012
154,2012-04-28,28,4,2012
155,2012-09-18,18,9,2012
156,2002-12-29,29,12,2002
157,2003-02-15,15,2,2003
158,2003-03-11,11,3,2003
159,2003-04-08,8,4,2003
160,2003-04-09,9,4,2003
161,2003-05-12,12,5,2003
162,2003-06-10,10,6,2003
163,2003-06-12,12,6,2003
164,2003-08-08,8,8,2003
165,2015-07-25,25,7,2015
166,2015-07-25,25,7,2015
167,2016-02-01,1,2,2016
168,2003-08-29,29,8,2003
169,2003-09-09,9,9,2003
170,2003-10-01,1,10,2003
171,2003-11-24,24,11,2003
172,2003-12-18,18,12,2003
173,2004-02-14,14,2,2004
174,2004-03-13,13,3,2004
175,2004-03-15,15,3,2004
176,2004-05-04,4,5,2004
177,2004-05-19,19,5,2004
178,2004-06-16,16,6,2004
179,2004-07-18,18,7,2004
180,2004-10-14,14,10,2004
181,2004-12-17,17,12,2004
182,2005-02-03,3,2,2005
183,2005-02-12,12,2,2005
184,2005-03-01,1,3,2005
185,2005-03-11,11,3,2005
186,2005-04-12,12,4,2005
187,2005-05-22,22,5,2005
188,2005-06-23,23,6,2005
189,2005-06-24,24,6,2005
190,2005-08-11,11,8,2005
191,2005-08-13,13,8,2005
192,2005-09-09,9,9,2005
193,2005-10-13,13,10,2005
194,2005-10-13,13,10,2005
195,2005-11-08,8,11,2005
196,2005-11-16,16,11,2005
197,2005-11-16,16,11,2005
198,2005-12-21,21,12,2005
199,2005-12-29,29,12,2005
200,2006-02-15,15,2,2006
201,2006-02-18,18,2,2006
202,2005-10-27,27,10,2005
203,2006-03-11,11,3,2006
204,2018-08-10,10,8,2018
205,2001-10-22,22,10,2001
206,2016-06-22,22,6,2016
207,2015-10-08,8,10,2015
208,2012-07-22,22,7,2012
209,2018-11-29,29,11,2018
210,2018-12-03,3,12,2018
211,2019-06-29,29,6,2019
212,2019-08-19,19,8,2019
213,2016-09-26,26,9,2016
214,2006-03-11,11,3,2006
215,2006-04-12,12,4,2006
216,2006-04-20,20,4,2006
217,2006-05-24,24,5,2006
218,2019-04-01,1,4,2019
219,2006-05-27,27,5,2006
220,2006-06-18,18,6,2006
221,2018-12-03,3,12,2018
222,2006-08-04,4,8,2006
223,2014-06-19,19,6,2014
224,2013-11-21,21,11,2013
225,2014-08-19,19,8,2014
226,2019-08-19,19,8,2019
227,2006-08-11,11,8,2006
228,2006-08-11,11,8,2006
229,2006-08-22,22,8,2006
230,2006-10-13,13,10,2006
231,2006-10-13,13,10,2006
232,2019-06-05,5,6,2019
233,2019-06-05,5,6,2019
234,2014-06-19,19,6,2014
235,2006-10-30,30,10,2006
236,2006-04-28,28,4,2006
237,2008-04-28,28,4,2008
238,2014-06-30,30,6,2014
239,2014-06-30,30,6,2014
240,2016-09-26,26,9,2016
241,2018-12-03,3,12,2018
242,2005-05-05,5,5,2005
243,2007-01-10,10,1,2007
244,2008-04-28,28,4,2008
245,2010-07-12,12,7,2010
246,2016-06-22,22,6,2016
247,2017-02-15,15,2,2017
248,2017-06-22,22,6,2017
249,2018-01-11,11,1,2018
250,2019-11-27,27,11,2019
251,2013-09-29,29,9,2013
252,2019-01-31,31,1,2019
253,2019-01-31,31,1,2019
254,2006-11-08,8,11,2006
255,2014-12-07,7,12,2014
256,2019-12-21,21,12,2019
257,2015-07-10,10,7,2015
258,2018-01-11,11,1,2018
259,2016-11-11,11,11,2016
260,2018-11-29,29,11,2018
261,2018-12-03,3,12,2018
262,2018-09-29,29,9,2018
263,2018-12-16,16,12,2018
264,2017-06-22,22,6,2017
265,2007-03-09,9,3,2007
266,2018-10-28,28,10,2018
267,1999-07-23,23,7,1999
268,2016-12-21,21,12,2016
269,2019-12-18,18,12,2019
270,2018-12-16,16,12,2018
271,2003-10-21,21,10,2003
272,2008-11-05,5,11,2008
273,2011-11-20,20,11,2011
274,2014-09-04,4,9,2014
275,2013-07-19,19,7,2013
276,2014-11-06,6,11,2014
277,2006-12-08,8,12,2006
278,2006-12-08,8,12,2006
279,2017-07-14,14,7,2017
280,2018-11-10,10,11,2018
281,2017-07-14,14,7,2017
282,2017-07-14,14,7,2017
283,2017-06-23,23,6,2017
284,2018-01-11,11,1,2018
285,2018-11-29,29,11,2018
286,2006-12-11,11,12,2006
287,2012-09-13,13,9,2012
288,2020-01-31,31,1,2020
289,2007-02-17,17,2,2007
290,2006-04-28,28,4,2006
291,2017-06-23,23,6,2017
292,2007-02-17,17,2,2007
293,2007-02-17,17,2,2007
294,2007-03-11,11,3,2007
295,2014-12-19,19,12,2014
296,2003-01-06,6,1,2003
297,2019-06-25,25,6,2019
298,2019-06-25,25,6,2019
299,2019-06-25,25,6,2019
300,2019-06-25,25,6,2019
301,2019-06-25,25,6,2019
302,2019-06-25,25,6,2019
303,2006-04-15,15,4,2006
304,2006-04-15,15,4,2006
305,2006-04-15,15,4,2006
306,2006-04-15,15,4,2006
307,2006-04-15,15,4,2006
308,2015-03-31,31,3,2015
309,2017-06-23,23,6,2017
310,2019-07-10,10,7,2019
311,2019-07-10,10,7,2019
312,2019-11-25,25,11,2019
313,2019-11-25,25,11,2019
314,2019-07-10,10,7,2019
315,2019-07-10,10,7,2019
316,2007-06-08,8,6,2007
317,2007-12-09,9,12,2007
318,2008-10-25,25,10,2008
319,2010-11-06,6,11,2010
320,2015-01-31,31,1,2015
321,2010-04-08,8,4,2010
322,2019-12-18,18,12,2019
323,2018-12-03,3,12,2018
324,2018-12-19,19,12,2018
325,2013-11-21,21,11,2013
326,2018-07-13,13,7,2018
327,2018-12-16,16,12,2018
328,2003-06-30,30,6,2003
329,2016-12-15,15,12,2016
330,2016-12-15,15,12,2016
331,2016-12-15,15,12,2016
332,2016-12-15,15,12,2016
333,2016-12-15,15,12,2016
334,2016-12-15,15,12,2016
335,2016-12-15,15,12,2016
336,2016-12-15,15,12,2016
337,2014-05-24,24,5,2014
338,2015-12-17,17,12,2015
339,2018-09-15,15,9,2018
340,2018-12-16,16,12,2018
341,2015-09-19,19,9,2015
342,2009-07-29,29,7,2009
343,2014-06-19,19,6,2014
344,2008-04-28,28,4,2008
345,2019-01-31,31,1,2019
346,2017-11-20,20,11,2017
347,2017-08-26,26,8,2017
348,2017-06-23,23,6,2017
349,2017-06-23,23,6,2017
350,2017-06-23,23,6,2017
351,2017-02-15,15,2,2017
352,2007-03-11,11,3,2007
353,2007-04-09,9,4,2007
354,2007-05-04,4,5,2007
355,2007-05-04,4,5,2007
356,2007-07-06,6,7,2007
357,2007-07-07,7,7,2007
358,2007-08-14,14,8,2007
359,2007-08-14,14,8,2007
360,2007-09-02,2,9,2007
361,2016-04-27,27,4,2016
362,2018-10-29,29,10,2018
363,1999-05-26,26,5,1999
364,2015-07-10,10,7,2015
365,2015-07-10,10,7,2015
366,2015-07-10,10,7,2015
367,1997-04-04,4,4,1997
368,1999-12-12,12,12,1999
369,2003-10-18,18,10,2003
370,2006-11-04,4,11,2006
371,2009-10-18,18,10,2009
372,2019-11-27,27,11,2019
373,2014-06-19,19,6,2014
374,2014-06-19,19,6,2014
375,2014-06-19,19,6,2014
376,2014-06-19,19,6,2014
377,2014-06-19,19,6,2014
378,2014-06-19,19,6,2014
379,2014-06-19,19,6,2014
380,2014-06-19,19,6,2014
381,2014-06-19,19,6,2014
382,2014-06-19,19,6,2014
383,2014-06-19,19,6,2014
384,2013-04-19,19,4,2013
385,2017-07-14,14,7,2017
386,2017-07-14,14,7,2017
387,2017-07-14,14,7,2017
388,2017-07-14,14,7,2017
389,2017-07-14,14,7,2017
390,2017-07-14,14,7,2017
391,2017-07-14,14,7,2017
392,2017-07-14,14,7,2017
393,2017-07-14,14,7,2017
394,2017-07-14,14,7,2017
395,2017-07-14,14,7,2017
396,2017-07-14,14,7,2017
397,2017-07-14,14,7,2017
398,2017-07-14,14,7,2017
399,2017-07-14,14,7,2017
400,2017-07-14,14,7,2017
401,2017-07-14,14,7,2017
402,2017-07-14,14,7,2017
403,2017-07-14,14,7,2017
404,2017-07-14,14,7,2017
405,2017-07-14,14,7,2017
406,2017-07-14,14,7,2017
407,2017-07-14,14,7,2017
408,2017-07-14,14,7,2017
409,2017-07-14,14,7,2017
410,2017-07-14,14,7,2017
411,2017-07-14,14,7,2017
412,2017-07-14,14,7,2017
413,2017-07-14,14,7,2017
414,2017-07-14,14,7,2017
415,2017-07-14,14,7,2017
416,2017-07-14,14,7,2017
417,2017-07-14,14,7,2017
418,2017-07-14,14,7,2017
419,2017-07-14,14,7,2017
420,2017-07-14,14,7,2017
421,2017-07-14,14,7,2017
422,2017-07-14,14,7,2017
423,2017-07-14,14,7,2017
424,2017-07-14,14,7,2017
425,2017-07-14,14,7,2017
426,2017-07-14,14,7,2017
427,2017-07-14,14,7,2017
428,2017-07-14,14,7,2017
429,2017-07-14,14,7,2017
430,2017-07-14,14,7,2017
431,2017-07-14,14,7,2017
432,2016-06-22,22,6,2016
433,2016-06-22,22,6,2016
434,2016-06-22,22,6,2016
435,2016-06-22,22,6,2016
436,2016-06-22,22,6,2016
437,2016-06-22,22,6,2016
438,2016-06-22,22,6,2016
439,2016-06-22,22,6,2016
440,2016-06-22,22,6,2016
441,2016-06-22,22,6,2016
442,2016-06-22,22,6,2016
443,2016-06-22,22,6,2016
444,2013-11-21,21,11,2013
445,2018-12-27,27,12,2018
446,2018-12-27,27,12,2018
447,2018-12-27,27,12,2018
448,2018-12-27,27,12,2018
449,2018-12-27,27,12,2018
450,2018-12-27,27,12,2018
451,2018-12-27,27,12,2018
452,2018-12-27,27,12,2018
453,2018-12-27,27,12,2018
454,2018-12-27,27,12,2018
455,2018-12-27,27,12,2018
456,2018-12-27,27,12,2018
457,2017-10-31,31,10,2017
458,2017-10-31,31,10,2017
459,2017-10-31,31,10,2017
460,2017-10-31,31,10,2017
461,2017-02-14,14,2,2017
462,2018-01-11,11,1,2018
463,2017-02-14,14,2,2017
464,2017-02-14,14,2,2017
465,2017-02-14,14,2,2017
466,2017-02-14,14,2,2017
467,2017-02-14,14,2,2017
468,2017-02-14,14,2,2017
469,2017-02-14,14,2,2017
470,2017-02-14,14,2,2017
471,2017-02-14,14,2,2017
472,2017-02-14,14,2,2017
473,2017-02-14,14,2,2017
474,2018-01-11,11,1,2018
475,2017-02-14,14,2,2017
476,2017-02-14,14,2,2017
477,2017-02-14,14,2,2017
478,2017-02-14,14,2,2017
479,2017-02-14,14,2,2017
480,2017-02-14,14,2,2017
481,2017-02-14,14,2,2017
482,2017-02-14,14,2,2017
483,2017-02-14,14,2,2017
484,2017-02-14,14,2,2017
485,2018-01-11,11,1,2018
486,2017-02-14,14,2,2017
487,2017-02-14,14,2,2017
488,2017-02-14,14,2,2017
489,2017-02-14,14,2,2017
490,2017-02-14,14,2,2017
491,2017-02-14,14,2,2017
492,2017-02-14,14,2,2017
493,2017-02-14,14,2,2017
494,2017-02-14,14,2,2017
495,2017-02-14,14,2,2017
496,2017-02-14,14,2,2017
497,2017-02-14,14,2,2017
498,2018-01-11,11,1,2018
499,2017-02-14,14,2,2017
500,2017-02-14,14,2,2017
501,2017-02-14,14,2,2017
502,2017-02-14,14,2,2017
503,2017-02-14,14,2,2017
504,2017-02-14,14,2,2017
505,2017-02-14,14,2,2017
506,2017-02-14,14,2,2017
507,2017-02-14,14,2,2017
508,2017-02-14,14,2,2017
509,2017-02-14,14,2,2017
510,2017-02-14,14,2,2017
511,2017-02-14,14,2,2017
512,2017-02-14,14,2,2017
513,2017-02-14,14,2,2017
514,2017-02-14,14,2,2017
515,2017-02-14,14,2,2017
516,2017-02-14,14,2,2017
517,2017-02-14,14,2,2017
518,2017-02-14,14,2,2017
519,2017-02-14,14,2,2017
520,2017-02-14,14,2,2017
521,2017-02-14,14,2,2017
522,2017-02-14,14,2,2017
523,2017-02-14,14,2,2017
524,2017-02-14,14,2,2017
525,2017-02-14,14,2,2017
526,2017-02-14,14,2,2017
527,2017-02-14,14,2,2017
528,2017-02-14,14,2,2017
529,2017-02-14,14,2,2017
530,2017-02-14,14,2,2017
531,2017-02-14,14,2,2017
532,2017-02-14,14,2,2017
533,2017-02-14,14,2,2017
534,2017-02-14,14,2,2017
535,2017-02-14,14,2,2017
536,2017-02-14,14,2,2017
537,2017-02-14,14,2,2017
538,2017-02-14,14,2,2017
539,2017-02-14,14,2,2017
540,2017-02-14,14,2,2017
541,2017-02-14,14,2,2017
542,2017-02-14,14,2,2017
543,2017-02-14,14,2,2017
544,2017-02-14,14,2,2017
545,2017-02-14,14,2,2017
546,2017-02-14,14,2,2017
547,2017-02-14,14,2,2017
548,2017-02-14,14,2,2017
549,2017-02-14,14,2,2017
550,2017-02-14,14,2,2017
551,2017-02-14,14,2,2017
552,2017-02-14,14,2,2017
553,2018-10-29,29,10,2018
554,2018-11-29,29,11,2018
555,2018-11-29,29,11,2018
556,2018-11-29,29,11,2018
557,2018-10-29,29,10,2018
558,2018-10-29,29,10,2018
559,2018-10-29,29,10,2018
560,2018-10-29,29,10,2018
561,2018-10-29,29,10,2018
562,2018-10-29,29,10,2018
563,2018-10-29,29,10,2018
564,2018-11-29,29,11,2018
565,2018-11-29,29,11,2018
566,2018-10-29,29,10,2018
567,2018-11-29,29,11,2018
568,2018-10-29,29,10,2018
569,2018-12-03,3,12,2018
570,2018-12-03,3,12,2018
571,2018-12-03,3,12,2018
572,2019-04-01,1,4,2019
573,2019-04-01,1,4,2019
574,2019-04-01,1,4,2019
575,2019-04-01,1,4,2019
576,2019-04-01,1,4,2019
577,2019-04-01,1,4,2019
578,2019-04-01,1,4,2019
579,2019-04-01,1,4,2019
580,2019-04-01,1,4,2019
581,2019-04-01,1,4,2019
582,2019-04-01,1,4,2019
583,2019-04-01,1,4,2019
584,2019-04-01,1,4,2019
585,2019-04-01,1,4,2019
586,2019-04-01,1,4,2019
587,2019-04-01,1,4,2019
588,2019-04-01,1,4,2019
589,2019-04-01,1,4,2019
590,2019-04-01,1,4,2019
591,2019-11-27,27,11,2019
592,2019-11-27,27,11,2019
593,2019-11-27,27,11,2019
594,2019-11-27,27,11,2019
595,2019-11-27,27,11,2019
596,2019-11-27,27,11,2019
597,2019-11-27,27,11,2019
598,2019-11-27,27,11,2019
599,2019-11-27,27,11,2019
600,2019-11-27,27,11,2019
601,2019-11-27,27,11,2019
602,2019-04-01,1,4,2019
603,2007-10-05,5,10,2007
604,2007-10-05,5,10,2007
605,2007-10-11,11,10,2007
606,2007-11-14,14,11,2007
607,2007-11-14,14,11,2007
608,2007-11-17,17,11,2007
609,2007-12-21,21,12,2007
610,2008-01-15,15,1,2008
611,2008-01-28,28,1,2008
612,2008-02-11,11,2,2008
613,2008-03-19,19,3,2008
614,2018-12-27,27,12,2018
615,2008-04-14,14,4,2008
616,2013-11-21,21,11,2013
617,2014-06-19,19,6,2014
618,2019-12-11,11,12,2019
619,2014-07-08,8,7,2014
620,2008-04-18,18,4,2008
621,2018-12-03,3,12,2018
622,2017-11-20,20,11,2017
623,2008-04-18,18,4,2008
624,2008-04-25,25,4,2008
625,2008-04-28,28,4,2008
626,2008-05-21,21,5,2008
627,2008-06-09,9,6,2008
628,2008-06-12,12,6,2008
629,2008-06-12,12,6,2008
630,2008-07-07,7,7,2008
631,2008-07-07,7,7,2008
632,2008-07-16,16,7,2008
633,2008-08-14,14,8,2008
634,2008-08-14,14,8,2008
635,2008-08-18,18,8,2008
636,2019-07-05,5,7,2019
637,2008-09-19,19,9,2008
638,2019-02-21,21,2,2019
639,2015-11-17,17,11,2015
640,2017-05-25,25,5,2017
641,2019-09-26,26,9,2019
642,2019-07-05,5,7,2019
643,2008-09-24,24,9,2008
644,2008-11-05,5,11,2008
645,2008-12-10,10,12,2008
646,2008-12-20,20,12,2008
647,2008-12-20,20,12,2008
648,2011-12-17,17,12,2011
649,2011-12-17,17,12,2011
650,2011-12-17,17,12,2011
651,2011-12-17,17,12,2011
652,2019-04-01,1,4,2019
653,2018-03-29,29,3,2018
654,1999-12-18,18,12,1999
655,2004-07-15,15,7,2004
656,2002-05-04,4,5,2002
657,2018-07-13,13,7,2018
658,2009-01-18,18,1,2009
659,2006-04-25,25,4,2006
660,2018-12-03,3,12,2018
661,2009-02-11,11,2,2009
662,2009-02-11,11,2,2009
663,2009-02-11,11,2,2009
664,2009-02-11,11,2,2009
665,2019-12-20,20,12,2019
666,2018-12-03,3,12,2018
667,2009-02-11,11,2,2009
668,2009-02-26,26,2,2009
669,2009-04-03,3,4,2009
670,2009-04-04,4,4,2009
671,2009-04-20,20,4,2009
672,2009-05-16,16,5,2009
673,2009-06-21,21,6,2009
674,2009-06-27,27,6,2009
675,2009-06-30,30,6,2009
676,2009-07-01,1,7,2009
677,2009-08-11,11,8,2009
678,2009-08-21,21,8,2009
679,2009-08-21,21,8,2009
680,2009-08-31,31,8,2009
681,2009-09-08,8,9,2009
682,2009-09-17,17,9,2009
683,2009-10-01,1,10,2009
684,2009-10-01,1,10,2009
685,2009-10-29,29,10,2009
686,2009-10-29,29,10,2009
687,2009-11-23,23,11,2009
688,2009-11-24,24,11,2009
689,2009-11-30,30,11,2009
690,2009-12-06,6,12,2009
691,2009-12-29,29,12,2009
692,2010-01-16,16,1,2010
693,2010-01-28,28,1,2010
694,2010-02-11,11,2,2010
695,2010-02-12,12,2,2010
696,2010-03-04,4,3,2010
697,2012-07-22,22,7,2012
698,2011-08-17,17,8,2011
699,2015-09-28,28,9,2015
700,2018-12-03,3,12,2018
701,2019-07-05,5,7,2019
702,2010-03-20,20,3,2010
703,2010-04-24,24,4,2010
704,2010-05-21,21,5,2010
705,2010-05-21,21,5,2010
706,2010-06-03,3,6,2010
707,2010-06-26,26,6,2010
708,2010-06-26,26,6,2010
709,2010-07-10,10,7,2010
710,2010-07-31,31,7,2010
711,2010-08-04,4,8,2010
712,2018-12-03,3,12,2018
713,2019-12-18,18,12,2019
714,2018-11-29,29,11,2018
715,2007-03-09,9,3,2007
716,2018-12-03,3,12,2018
717,2010-08-04,4,8,2010
718,2010-11-20,20,11,2010
719,2018-02-02,2,2,2018
720,2012-11-20,20,11,2012
721,2010-09-04,4,9,2010
722,2010-09-11,11,9,2010
723,2010-10-14,14,10,2010
724,2010-11-04,4,11,2010
725,2013-09-23,23,9,2013
726,2017-11-14,14,11,2017
727,2010-10-28,28,10,2010
728,2008-06-11,11,6,2008
729,2010-09-21,21,9,2010
730,2012-04-03,3,4,2012
731,2013-12-06,6,12,2013
732,2016-02-10,10,2,2016
733,2018-01-12,12,1,2018
734,2015-01-31,31,1,2015
735,2015-01-31,31,1,2015
736,2019-12-20,20,12,2019
737,2017-07-14,14,7,2017
738,2010-10-31,31,10,2010
739,2017-08-25,25,8,2017
740,1997-08-29,29,8,1997
741,2019-12-06,6,12,2019
742,2015-10-08,8,10,2015
743,2018-12-03,3,12,2018
744,2018-01-11,11,1,2018
745,2013-11-21,21,11,2013
746,2010-11-14,14,11,2010
747,2010-11-21,21,11,2010
748,2010-11-24,24,11,2010
749,2010-11-26,26,11,2010
750,2010-11-26,26,11,2010
751,2010-12-17,17,12,2010
752,2010-12-26,26,12,2010
753,2010-12-29,29,12,2010
754,2010-12-29,29,12,2010
755,2011-01-20,20,1,2011
756,2011-03-02,2,3,2011
757,2011-04-09,9,4,2011
758,2014-08-22,22,8,2014
759,2016-05-24,24,5,2016
760,2016-05-24,24,5,2016
761,2016-11-17,17,11,2016
762,2016-11-17,17,11,2016
763,2016-11-17,17,11,2016
764,2017-12-13,13,12,2017
765,2017-12-13,13,12,2017
766,2017-12-13,13,12,2017
767,2017-12-13,13,12,2017
768,2018-07-25,25,7,2018
769,2014-08-22,22,8,2014
770,2018-07-25,25,7,2018
771,2018-07-25,25,7,2018
772,2018-07-25,25,7,2018
773,2015-03-27,27,3,2015
774,2015-03-27,27,3,2015
775,2015-09-11,11,9,2015
776,2015-09-11,11,9,2015
777,2016-11-17,17,11,2016
778,2015-12-17,17,12,2015
779,2015-12-17,17,12,2015
780,2011-10-21,21,10,2011
781,2011-10-21,21,10,2011
782,2012-10-12,12,10,2012
783,2012-10-12,12,10,2012
784,2013-04-26,26,4,2013
785,2019-10-04,4,10,2019
786,2011-04-22,22,4,2011
787,2019-11-28,28,11,2019
788,2014-08-19,19,8,2014
789,2016-08-09,9,8,2016
790,2011-04-22,22,4,2011
791,2019-11-03,3,11,2019
792,2015-06-26,26,6,2015
793,2015-09-14,14,9,2015
794,2018-03-30,30,3,2018
795,2018-03-30,30,3,2018
796,2018-03-30,30,3,2018
797,2018-05-08,8,5,2018
798,2018-06-03,3,6,2018
799,2011-05-07,7,5,2011
800,2011-05-20,20,5,2011
801,2013-11-21,21,11,2013
802,2017-12-22,22,12,2017
803,2015-05-20,20,5,2015
804,2006-07-12,12,7,2006
805,2007-06-28,28,6,2007
806,2016-06-05,5,6,2016
807,2019-08-30,30,8,2019
808,2008-09-06,6,9,2008
809,2011-05-20,20,5,2011
810,2011-05-20,20,5,2011
811,1992-07-24,24,7,1992
812,2016-06-22,22,6,2016
813,2012-05-17,17,5,2012
814,1999-03-15,15,3,1999
815,2007-05-29,29,5,2007
816,2007-10-20,20,10,2007
817,2007-10-20,20,10,2007
818,2007-05-29,29,5,2007
819,2007-10-20,20,10,2007
820,2007-05-29,29,5,2007
821,2007-05-29,29,5,2007
822,2010-10-19,19,10,2010
823,2010-10-19,19,10,2010
824,2010-10-19,19,10,2010
825,2010-10-19,19,10,2010
826,2010-10-19,19,10,2010
827,2013-02-06,6,2,2013
828,2010-10-19,19,10,2010
829,2011-12-28,28,12,2011
830,2011-07-13,13,7,2011
831,2011-12-28,28,12,2011
832,2011-07-13,13,7,2011
833,2011-12-28,28,12,2011
834,2011-07-13,13,7,2011
835,2011-12-28,28,12,2011
836,2011-07-13,13,7,2011
837,2011-07-13,13,7,2011
838,2011-12-28,28,12,2011
839,2011-07-13,13,7,2011
840,2011-12-28,28,12,2011
841,2013-02-06,6,2,2013
842,2013-02-06,6,2,2013
843,2013-02-06,6,2,2013
844,2013-02-06,6,2,2013
845,2013-02-06,6,2,2013
846,2011-02-26,26,2,2011
847,2014-12-01,1,12,2014
848,2006-12-25,25,12,2006
849,2006-12-25,25,12,2006
850,2007-10-26,26,10,2007
851,2007-10-26,26,10,2007
852,2007-12-25,25,12,2007
853,2007-12-25,25,12,2007
854,2009-12-14,14,12,2009
855,2010-03-01,1,3,2010
856,2010-03-01,1,3,2010
857,2009-12-14,14,12,2009
858,2010-03-01,1,3,2010
859,2010-09-02,2,9,2010
860,2011-10-02,2,10,2011
861,2011-11-04,4,11,2011
862,2011-11-04,4,11,2011
863,2011-11-04,4,11,2011
864,2013-04-26,26,4,2013
865,2016-02-07,7,2,2016
866,2017-09-22,22,9,2017
867,2016-05-29,29,5,2016
868,2014-06-14,14,6,2014
869,2018-06-18,18,6,2018
870,2018-11-03,3,11,2018
871,2019-05-27,27,5,2019
872,2019-12-11,11,12,2019
873,2020-02-16,16,2,2020
874,2011-06-20,20,6,2011
875,2011-07-11,11,7,2011
876,2011-07-15,15,7,2011
877,2011-07-15,15,7,2011
878,2011-07-15,15,7,2011
879,2016-12-05,5,12,2016
880,2012-12-18,18,12,2012
881,2018-02-02,2,2,2018
882,2018-02-02,2,2,2018
883,2012-07-28,28,7,2012
884,2012-07-28,28,7,2012
885,2010-09-08,8,9,2010
886,2015-03-31,31,3,2015
887,2015-03-31,31,3,2015
888,2015-03-31,31,3,2015
889,2013-09-11,11,9,2013
890,2013-09-11,11,9,2013
891,2013-09-11,11,9,2013
892,2014-07-03,3,7,2014
893,2014-07-03,3,7,2014
894,2014-07-03,3,7,2014
895,2019-12-26,26,12,2019
896,2019-12-26,26,12,2019
897,2019-12-26,26,12,2019
898,2018-10-29,29,10,2018
899,2011-07-26,26,7,2011
900,2019-06-25,25,6,2019
901,2014-02-27,27,2,2014
902,2018-05-22,22,5,2018
903,2018-05-22,22,5,2018
904,2009-01-23,23,1,2009
905,2015-01-31,31,1,2015
906,2018-12-27,27,12,2018
907,2011-08-06,6,8,2011
908,2011-08-06,6,8,2011
909,2011-08-11,11,8,2011
910,2011-09-18,18,9,2011
911,2011-09-20,20,9,2011
912,2011-09-21,21,9,2011
913,2011-09-21,21,9,2011
914,2011-09-24,24,9,2011
915,2011-09-29,29,9,2011
916,2011-10-05,5,10,2011
917,2011-10-07,7,10,2011
918,2011-10-19,19,10,2011
919,2011-11-25,25,11,2011
920,2011-12-01,1,12,2011
921,2011-12-11,11,12,2011
922,2011-12-17,17,12,2011
923,2012-01-12,12,1,2012
924,2012-01-20,20,1,2012
925,2012-02-14,14,2,2012
926,2012-02-24,24,2,2012
927,2018-09-07,7,9,2018
928,2011-08-15,15,8,2011
929,2018-10-24,24,10,2018
930,2018-07-13,13,7,2018
931,2018-12-03,3,12,2018
932,2018-12-03,3,12,2018
933,2018-12-03,3,12,2018
934,2017-11-14,14,11,2017
935,2019-12-07,7,12,2019
936,2019-12-07,7,12,2019
937,2004-12-18,18,12,2004
938,2009-12-18,18,12,2009
939,2012-02-24,24,2,2012
940,2012-03-25,25,3,2012
941,2012-03-31,31,3,2012
942,2002-02-05,5,2,2002
943,2012-04-23,23,4,2012
944,2012-05-03,3,5,2012
945,2012-05-15,15,5,2012
946,2012-05-15,15,5,2012
947,2006-10-22,22,10,2006
948,2012-05-18,18,5,2012
949,2012-05-26,26,5,2012
950,2012-06-01,1,6,2012
951,2012-06-20,20,6,2012
952,2012-06-29,29,6,2012
953,2008-09-05,5,9,2008
954,2008-09-05,5,9,2008
955,2012-11-18,18,11,2012
956,2014-11-06,6,11,2014
957,2014-06-19,19,6,2014
958,2014-06-19,19,6,2014
959,2018-12-29,29,12,2018
960,2018-12-21,21,12,2018
961,2012-07-05,5,7,2012
962,2012-07-05,5,7,2012
963,2012-05-17,17,5,2012
964,2018-11-29,29,11,2018
965,2019-11-03,3,11,2019
966,1990-04-25,25,4,1990
967,2018-01-18,18,1,2018
968,2020-01-31,31,1,2020
969,2017-06-15,15,6,2017
970,2012-07-09,9,7,2012
971,2012-07-25,25,7,2012
972,2012-08-02,2,8,2012
973,2018-11-29,29,11,2018
974,2018-09-15,15,9,2018
975,2018-01-11,11,1,2018
976,2018-12-03,3,12,2018
977,2019-05-05,5,5,2019
978,2019-07-05,5,7,2019
979,2019-07-05,5,7,2019
980,2019-10-11,11,10,2019
981,2015-03-26,26,3,2015
982,2018-02-26,26,2,2018
983,2020-02-09,9,2,2020
984,2017-03-16,16,3,2017
985,2018-06-12,12,6,2018
986,2009-11-28,28,11,2009
987,2011-09-23,23,9,2011
988,2011-12-12,12,12,2011
989,2013-01-27,27,1,2013
990,2013-01-27,27,1,2013
991,2015-01-31,31,1,2015
992,2006-06-28,28,6,2006
993,2008-03-13,13,3,2008
994,2014-12-13,13,12,2014
995,2017-09-24,24,9,2017
996,2012-08-02,2,8,2012
997,2012-08-19,19,8,2012
998,2012-08-30,30,8,2012
999,2012-08-30,30,8,2012
1000,2012-09-28,28,9,2012
1001,2012-09-28,28,9,2012
1002,2012-10-14,14,10,2012
1003,2012-10-25,25,10,2012
1004,2012-11-02,2,11,2012
1005,2012-11-02,2,11,2012
1006,2012-11-10,10,11,2012
1007,2012-11-10,10,11,2012
1008,2012-11-20,20,11,2012
1009,2012-11-27,27,11,2012
1010,2012-12-03,3,12,2012
1011,2012-12-08,8,12,2012
1012,2018-01-11,11,1,2018
1013,2012-12-19,19,12,2012
1014,2012-12-19,19,12,2012
1015,2013-01-31,31,1,2013
1016,2013-02-07,7,2,2013
1017,2002-10-17,17,10,2002
1018,2013-02-07,7,2,2013
1019,2013-03-19,19,3,2013
1020,2013-03-26,26,3,2013
1021,2013-04-15,15,4,2013
1022,2013-05-01,1,5,2013
1023,2013-05-14,14,5,2013
1024,2013-05-25,25,5,2013
1025,2013-06-03,3,6,2013
1026,2013-07-01,1,7,2013
1027,2013-07-19,19,7,2013
1028,2013-07-25,25,7,2013
1029,2013-07-25,25,7,2013
1030,2013-08-08,8,8,2013
1031,2013-08-29,29,8,2013
1032,2013-08-29,29,8,2013
1033,2013-08-31,31,8,2013
1034,2013-09-14,14,9,2013
1035,2013-09-18,18,9,2013
1036,2013-09-29,29,9,2013
1037,2013-10-25,25,10,2013
1038,2013-11-11,11,11,2013
1039,2013-12-03,3,12,2013
1040,2013-12-08,8,12,2013
1041,2013-12-20,20,12,2013
1042,2013-12-26,26,12,2013
1043,2014-01-05,5,1,2014
1044,2014-01-06,6,1,2014
1045,2014-01-23,23,1,2014
1046,2014-02-06,6,2,2014
1047,2014-02-06,6,2,2014
1048,2014-02-14,14,2,2014
1049,2014-03-15,15,3,2014
1050,2014-03-15,15,3,2014
1051,2014-03-22,22,3,2014
1052,2014-03-22,22,3,2014
1053,1998-11-20,20,11,1998
1054,2008-10-19,19,10,2008
1055,2019-07-03,3,7,2019
1056,1997-12-20,20,12,1997
1057,1998-03-25,25,3,1998
1058,2002-02-11,11,2,2002
1059,2017-01-14,14,1,2017
1060,2017-01-14,14,1,2017
1061,2017-01-14,14,1,2017
1062,2017-01-14,14,1,2017
1063,2017-01-14,14,1,2017
1064,2017-10-09,9,10,2017
1065,2017-01-14,14,1,2017
1066,2017-01-14,14,1,2017
1067,2018-05-22,22,5,2018
1068,2017-01-14,14,1,2017
1069,2017-01-14,14,1,2017
1070,2017-06-25,25,6,2017
1071,2017-01-14,14,1,2017
1072,2017-06-25,25,6,2017
1073,2017-12-23,23,12,2017
1074,2017-06-25,25,6,2017
1075,2017-06-25,25,6,2017
1076,2017-10-09,9,10,2017
1077,2017-06-25,25,6,2017
1078,2017-06-25,25,6,2017
1079,2017-10-09,9,10,2017
1080,2017-06-25,25,6,2017
1081,2017-06-25,25,6,2017
1082,2017-10-09,9,10,2017
1083,2017-06-25,25,6,2017
1084,2017-10-09,9,10,2017
1085,2017-06-25,25,6,2017
1086,2017-10-09,9,10,2017
1087,2017-12-23,23,12,2017
1088,2017-12-23,23,12,2017
1089,2017-10-09,9,10,2017
1090,2017-10-09,9,10,2017
1091,2017-12-23,23,12,2017
1092,2017-12-23,23,12,2017
1093,2017-10-09,9,10,2017
1094,2017-12-23,23,12,2017
1095,2017-12-23,23,12,2017
1096,2017-10-09,9,10,2017
1097,2018-03-30,30,3,2018
1098,2017-12-23,23,12,2017
1099,2018-03-30,30,3,2018
1100,2018-03-30,30,3,2018
1101,2018-03-30,30,3,2018
1102,2018-03-30,30,3,2018
1103,2018-03-30,30,3,2018
1104,2018-05-22,22,5,2018
1105,2018-03-30,30,3,2018
1106,2018-03-30,30,3,2018
1107,2018-03-30,30,3,2018
1108,2017-12-23,23,12,2017
1109,2018-05-22,22,5,2018
1110,2017-12-23,23,12,2017
1111,2018-07-25,25,7,2018
1112,2018-07-25,25,7,2018
1113,2018-07-25,25,7,2018
1114,2018-03-30,30,3,2018
1115,2018-07-25,25,7,2018
1116,2018-07-25,25,7,2018
1117,2018-07-25,25,7,2018
1118,2018-05-22,22,5,2018
1119,2018-05-22,22,5,2018
1120,2018-07-25,25,7,2018
1121,2018-07-25,25,7,2018
1122,2018-07-25,25,7,2018
1123,2018-07-25,25,7,2018
1124,2019-01-11,11,1,2019
1125,2019-01-11,11,1,2019
1126,2019-01-11,11,1,2019
1127,2019-01-11,11,1,2019
1128,2019-01-11,11,1,2019
1129,2019-01-11,11,1,2019
1130,2019-01-11,11,1,2019
1131,2019-01-11,11,1,2019
1132,2019-01-11,11,1,2019
1133,2019-01-11,11,1,2019
1134,2013-06-28,28,6,2013
1135,2014-04-04,4,4,2014
1136,2014-04-10,10,4,2014
1137,2014-04-28,28,4,2014
1138,2014-04-28,28,4,2014
1139,2014-05-22,22,5,2014
1140,2014-05-26,26,5,2014
1141,2014-07-28,28,7,2014
1142,2014-07-28,28,7,2014
1143,2003-10-17,17,10,2003
1144,2018-11-11,11,11,2018
1145,2018-12-27,27,12,2018
1146,2018-12-16,16,12,2018
1147,2009-09-23,23,9,2009
1148,2019-07-05,5,7,2019
1149,2016-01-17,17,1,2016
1150,2014-08-05,5,8,2014
1151,2014-09-07,7,9,2014
1152,2014-09-11,11,9,2014
1153,2014-09-11,11,9,2014
1154,2014-09-16,16,9,2014
1155,2014-09-27,27,9,2014
1156,2014-10-07,7,10,2014
1157,2014-10-15,15,10,2014
1158,2014-10-16,16,10,2014
1159,2014-10-16,16,10,2014
1160,2014-10-21,21,10,2014
1161,2014-12-06,6,12,2014
1162,2018-11-19,19,11,2018
1163,2019-06-05,5,6,2019
1164,2015-10-07,7,10,2015
1165,2015-10-07,7,10,2015
1166,2019-11-13,13,11,2019
1167,2019-12-07,7,12,2019
1168,2020-01-15,15,1,2020
1169,2015-10-07,7,10,2015
1170,2019-01-21,21,1,2019
1171,2017-01-09,9,1,2017
1172,2017-11-21,21,11,2017
1173,2017-11-21,21,11,2017
1174,2017-11-21,21,11,2017
1175,2018-01-18,18,1,2018
1176,2018-01-18,18,1,2018
1177,2019-01-21,21,1,2019
1178,2019-09-12,12,9,2019
1179,2018-12-03,3,12,2018
1180,2015-09-19,19,9,2015
1181,2012-07-22,22,7,2012
1182,2017-07-14,14,7,2017
1183,2018-01-31,31,1,2018
1184,2018-01-31,31,1,2018
1185,2018-12-27,27,12,2018
1186,2018-12-27,27,12,2018
1187,2014-04-30,30,4,2014
1188,2014-06-19,19,6,2014
1189,2014-12-06,6,12,2014
1190,2014-12-15,15,12,2014
1191,2018-12-03,3,12,2018
1192,2018-12-03,3,12,2018
1193,2015-12-16,16,12,2015
1194,2018-11-29,29,11,2018
1195,2017-10-24,24,10,2017
1196,2005-10-19,19,10,2005
1197,2011-01-20,20,1,2011
1198,2013-08-28,28,8,2013
1199,2019-01-19,19,1,2019
1200,2018-10-29,29,10,2018
1201,2018-01-18,18,1,2018
1202,2014-12-27,27,12,2014
1203,2015-09-19,19,9,2015
1204,2009-01-23,23,1,2009
1205,2019-11-17,17,11,2019
1206,2019-11-17,17,11,2019
1207,2006-07-28,28,7,2006
1208,2012-05-17,17,5,2012
1209,2015-03-25,25,3,2015
1210,2013-08-22,22,8,2013
1211,2013-06-27,27,6,2013
1212,2014-12-31,31,12,2014
1213,2015-01-10,10,1,2015
1214,2015-01-21,21,1,2015
1215,2015-02-01,1,2,2015
1216,2019-08-30,30,8,2019
1217,1997-10-24,24,10,1997
1218,2000-08-17,17,8,2000
1219,2005-04-30,30,4,2005
1220,2018-12-07,7,12,2018
1221,2018-12-07,7,12,2018
1222,2018-12-07,7,12,2018
1223,2018-12-07,7,12,2018
1224,2018-12-07,7,12,2018
1225,2018-12-07,7,12,2018
1226,2018-12-07,7,12,2018
1227,2018-01-11,11,1,2018
1228,2018-12-03,3,12,2018
1229,1999-04-15,15,4,1999
1230,2013-02-11,11,2,2013
1231,2015-03-02,2,3,2015
1232,2015-09-24,24,9,2015
1233,2016-06-22,22,6,2016
1234,2007-01-10,10,1,2007
1235,2002-12-20,20,12,2002
1236,2002-12-20,20,12,2002
1237,2014-06-19,19,6,2014
1238,2018-07-16,16,7,2018
1239,2015-09-28,28,9,2015
1240,2015-09-28,28,9,2015
1241,2015-09-28,28,9,2015
1242,2015-09-28,28,9,2015
1243,2019-07-05,5,7,2019
1244,2017-07-14,14,7,2017
1245,2017-04-18,18,4,2017
1246,2016-10-17,17,10,2016
1247,2017-07-14,14,7,2017
1248,2019-04-01,1,4,2019
1249,2017-12-08,8,12,2017
1250,2018-01-11,11,1,2018
1251,2018-11-10,10,11,2018
1252,2018-12-27,27,12,2018
1253,2018-12-27,27,12,2018
1254,2018-01-11,11,1,2018
1255,2017-07-14,14,7,2017
1256,2018-11-29,29,11,2018
1257,2017-12-10,10,12,2017
1258,2019-07-05,5,7,2019
1259,2019-07-05,5,7,2019
1260,2019-04-01,1,4,2019
1261,2017-07-14,14,7,2017
1262,2017-07-14,14,7,2017
1263,2019-07-05,5,7,2019
1264,2018-12-27,27,12,2018
1265,2019-12-11,11,12,2019
1266,2017-04-18,18,4,2017
1267,2018-01-31,31,1,2018
1268,2017-02-15,15,2,2017
1269,2019-04-01,1,4,2019
1270,2019-12-11,11,12,2019
1271,2018-01-31,31,1,2018
1272,2017-12-08,8,12,2017
1273,2018-11-29,29,11,2018
1274,2017-06-23,23,6,2017
1275,2019-07-05,5,7,2019
1276,2017-06-23,23,6,2017
1277,2017-12-08,8,12,2017
1278,2017-06-23,23,6,2017
1279,2017-06-23,23,6,2017
1280,2018-01-21,21,1,2018
1281,2018-01-11,11,1,2018
1282,2017-12-08,8,12,2017
1283,2017-06-23,23,6,2017
1284,2017-02-15,15,2,2017
1285,2017-07-14,14,7,2017
1286,2019-07-05,5,7,2019
1287,2018-12-27,27,12,2018
1288,2017-02-15,15,2,2017
1289,2018-11-29,29,11,2018
1290,2019-12-11,11,12,2019
1291,2017-07-14,14,7,2017
1292,2018-01-11,11,1,2018
1293,2017-02-15,15,2,2017
1294,2018-12-27,27,12,2018
1295,2017-04-18,18,4,2017
1296,2017-12-08,8,12,2017
1297,2017-12-08,8,12,2017
1298,2017-06-23,23,6,2017
1299,2018-12-27,27,12,2018
1300,2017-02-15,15,2,2017
1301,2017-06-23,23,6,2017
1302,2017-02-15,15,2,2017
1303,2016-10-17,17,10,2016
1304,2017-02-15,15,2,2017
1305,2017-04-18,18,4,2017
1306,2017-02-15,15,2,2017
1307,2018-01-21,21,1,2018
1308,2018-01-31,31,1,2018
1309,2019-12-11,11,12,2019
1310,2018-12-27,27,12,2018
1311,2018-07-16,16,7,2018
1312,2018-01-31,31,1,2018
1313,2019-04-01,1,4,2019
1314,2018-11-29,29,11,2018
1315,2018-07-16,16,7,2018
1316,2019-07-05,5,7,2019
1317,2016-10-17,17,10,2016
1318,2016-10-17,17,10,2016
1319,2017-06-23,23,6,2017
1320,2019-07-05,5,7,2019
1321,2017-12-09,9,12,2017
1322,2018-07-16,16,7,2018
1323,2017-07-14,14,7,2017
1324,2018-12-27,27,12,2018
1325,2018-11-10,10,11,2018
1326,2015-03-02,2,3,2015
1327,2018-01-11,11,1,2018
1328,2019-07-05,5,7,2019
1329,2015-09-19,19,9,2015
1330,2014-09-04,4,9,2014
1331,2019-01-21,21,1,2019
1332,2017-12-04,4,12,2017
1333,2017-12-22,22,12,2017
1334,2018-01-13,13,1,2018
1335,2018-03-17,17,3,2018
1336,2009-11-20,20,11,2009
1337,2017-12-03,3,12,2017
1338,2018-10-24,24,10,2018
1339,2014-12-23,23,12,2014
1340,2015-10-07,7,10,2015
1341,2015-03-13,13,3,2015
1342,2015-03-13,13,3,2015
1343,2015-03-13,13,3,2015
1344,2015-03-13,13,3,2015
1345,2019-07-05,5,7,2019
1346,2018-12-27,27,12,2018
1347,2018-06-03,3,6,2018
1348,2016-06-22,22,6,2016
1349,2020-01-31,31,1,2020
1350,2001-12-10,10,12,2001
1351,2017-06-23,23,6,2017
1352,2018-08-10,10,8,2018
1353,2011-10-28,28,10,2011
1354,2015-03-18,18,3,2015
1355,2015-03-30,30,3,2015
1356,2015-03-30,30,3,2015
1357,2011-10-12,12,10,2011
1358,2015-04-26,26,4,2015
1359,2015-04-26,26,4,2015
1360,2015-04-27,27,4,2015
1361,2015-05-27,27,5,2015
1362,2010-11-02,2,11,2010
1363,2011-05-04,4,5,2011
1364,2012-11-14,14,11,2012
1365,2014-10-30,30,10,2014
1366,2019-07-30,30,7,2019
1367,2020-02-20,20,2,2020
1368,2015-05-27,27,5,2015
1369,2019-07-05,5,7,2019
1370,2014-07-08,8,7,2014
1371,2015-07-15,15,7,2015
1372,2015-07-15,15,7,2015
1373,2015-07-24,24,7,2015
1374,2015-08-20,20,8,2015
1375,2006-10-19,19,10,2006
1376,2012-09-17,17,9,2012
1377,2018-11-06,6,11,2018
1378,2015-08-20,20,8,2015
1379,2015-08-27,27,8,2015
1380,2015-08-28,28,8,2015
1381,2019-01-18,18,1,2019
1382,2018-01-11,11,1,2018
1383,2018-01-11,11,1,2018
1384,2016-04-27,27,4,2016
1385,2015-09-02,2,9,2015
1386,2015-09-12,12,9,2015
1387,2015-09-14,14,9,2015
1388,2015-09-29,29,9,2015
1389,2018-12-03,3,12,2018
1390,2015-09-30,30,9,2015
1391,2015-09-30,30,9,2015
1392,2015-10-02,2,10,2015
1393,2015-10-16,16,10,2015
1394,2017-11-08,8,11,2017
1395,2018-11-21,21,11,2018
1396,2003-06-30,30,6,2003
1397,2018-12-03,3,12,2018
1398,2019-07-05,5,7,2019
1399,2003-09-27,27,9,2003
1400,2019-04-01,1,4,2019
1401,2015-10-16,16,10,2015
1402,2015-11-03,3,11,2015
1403,2000-03-12,12,3,2000
1404,2015-11-10,10,11,2015
1405,2015-11-20,20,11,2015
1406,2015-11-24,24,11,2015
1407,2015-12-09,9,12,2015
1408,2015-12-10,10,12,2015
1409,2015-12-11,11,12,2015
1410,2017-07-14,14,7,2017
1411,2004-12-18,18,12,2004
1412,2009-07-29,29,7,2009
1413,2010-05-28,28,5,2010
1414,2015-07-15,15,7,2015
1415,2015-10-31,31,10,2015
1416,2016-02-05,5,2,2016
1417,2011-07-16,16,7,2011
1418,2012-10-04,4,10,2012
1419,2013-05-15,15,5,2013
1420,2014-02-21,21,2,2014
1421,2014-05-17,17,5,2014
1422,2014-08-02,2,8,2014
1423,2014-10-29,29,10,2014
1424,2015-03-25,25,3,2015
1425,2018-12-23,23,12,2018
1426,2019-08-22,22,8,2019
1427,2003-12-21,21,12,2003
1428,2004-03-20,20,3,2004
1429,2004-06-23,23,6,2004
1430,2004-11-06,6,11,2004
1431,1997-07-23,23,7,1997
1432,1999-10-07,7,10,1999
1433,2000-05-11,11,5,2000
1434,2000-07-16,16,7,2000
1435,2000-11-10,10,11,2000
1436,2001-01-30,30,1,2001
1437,2003-01-29,29,1,2003
1438,2003-03-31,31,3,2003
1439,2005-09-26,26,9,2005
1440,2006-09-25,25,9,2006
1441,2006-11-17,17,11,2006
1442,2007-10-17,17,10,2007
1443,2007-12-20,20,12,2007
1444,2008-03-15,15,3,2008
1445,2009-08-17,17,8,2009
1446,2015-09-19,19,9,2015
1447,2017-02-15,15,2,2017
1448,2013-02-25,25,2,2013
1449,2019-06-17,17,6,2019
1450,2018-12-03,3,12,2018
1451,2019-01-18,18,1,2019
1452,2015-12-24,24,12,2015
1453,2011-08-17,17,8,2011
1454,2011-08-17,17,8,2011
1455,2015-12-28,28,12,2015
1456,2016-01-15,15,1,2016
1457,2016-01-20,20,1,2016
1458,2016-01-29,29,1,2016
1459,2016-02-17,17,2,2016
1460,2019-11-13,13,11,2019
1461,2019-11-13,13,11,2019
1462,2019-11-13,13,11,2019
1463,2019-11-13,13,11,2019
1464,2019-11-13,13,11,2019
1465,2017-06-22,22,6,2017
1466,1998-05-13,13,5,1998
1467,2005-05-20,20,5,2005
1468,2009-02-06,6,2,2009
1469,2017-11-18,18,11,2017
1470,2019-12-06,6,12,2019
1471,2017-07-14,14,7,2017
1472,2017-07-14,14,7,2017
1473,2018-09-16,16,9,2018
1474,2011-10-28,28,10,2011
1475,2019-06-25,25,6,2019
1476,2020-01-31,31,1,2020
1477,2017-05-01,1,5,2017
1478,2017-05-26,26,5,2017
1479,2019-07-05,5,7,2019
1480,2016-02-17,17,2,2016
1481,2016-03-04,4,3,2016
1482,2016-03-09,9,3,2016
1483,2016-03-10,10,3,2016
1484,2016-03-30,30,3,2016
1485,2016-04-28,28,4,2016
1486,2016-05-06,6,5,2016
1487,2016-05-27,27,5,2016
1488,2017-06-23,23,6,2017
1489,2016-06-09,9,6,2016
1490,2016-05-29,29,5,2016
1491,2016-05-29,29,5,2016
1492,2017-06-15,15,6,2017
1493,2018-02-02,2,2,2018
1494,2018-02-02,2,2,2018
1495,2020-01-15,15,1,2020
1496,2020-01-15,15,1,2020
1497,2012-06-13,13,6,2012
1498,2010-11-20,20,11,2010
1499,2013-06-25,25,6,2013
1500,2014-07-10,10,7,2014
1501,2013-06-25,25,6,2013
1502,2013-06-25,25,6,2013
1503,2014-07-10,10,7,2014
1504,2014-07-10,10,7,2014
1505,2014-07-10,10,7,2014
1506,2014-12-18,18,12,2014
1507,2014-12-18,18,12,2014
1508,2014-12-18,18,12,2014
1509,2014-12-18,18,12,2014
1510,2018-03-09,9,3,2018
1511,2018-03-09,9,3,2018
1512,2018-03-09,9,3,2018
1513,2018-03-09,9,3,2018
1514,2019-04-04,4,4,2019
1515,2019-04-04,4,4,2019
1516,2019-04-04,4,4,2019
1517,2019-04-04,4,4,2019
1518,2013-06-25,25,6,2013
1519,2014-07-02,2,7,2014
1520,2016-06-11,11,6,2016
1521,2001-02-20,20,2,2001
1522,2014-04-09,9,4,2014
1523,2016-09-13,13,9,2016
1524,2002-05-28,28,5,2002
1525,2007-06-10,10,6,2007
1526,2010-06-22,22,6,2010
1527,2019-02-27,27,2,2019
1528,2019-02-27,27,2,2019
1529,2019-02-27,27,2,2019
1530,2019-02-27,27,2,2019
1531,2019-02-27,27,2,2019
1532,2019-02-27,27,2,2019
1533,2020-02-06,6,2,2020
1534,2020-02-06,6,2,2020
1535,2020-03-21,21,3,2020
1536,2020-03-21,21,3,2020
1537,2020-02-06,6,2,2020
1538,2020-02-06,6,2,2020
1539,2020-02-06,6,2,2020
1540,2020-02-06,6,2,2020
1541,2020-02-06,6,2,2020
1542,2020-02-06,6,2,2020
1543,2020-02-06,6,2,2020
1544,2020-03-21,21,3,2020
1545,2020-02-06,6,2,2020
1546,2020-03-21,21,3,2020
1547,2020-03-21,21,3,2020
1548,2020-02-06,6,2,2020
1549,2020-02-06,6,2,2020
1550,2020-03-21,21,3,2020
1551,2020-02-06,6,2,2020
1552,2020-02-06,6,2,2020
1553,2020-03-21,21,3,2020
1554,2020-02-06,6,2,2020
1555,2020-02-06,6,2,2020
1556,2020-02-06,6,2,2020
1557,2020-02-06,6,2,2020
1558,2020-03-21,21,3,2020
1559,2020-02-06,6,2,2020
1560,2020-02-06,6,2,2020
1561,2020-02-06,6,2,2020
1562,2020-03-21,21,3,2020
1563,2020-02-06,6,2,2020
1564,2020-02-06,6,2,2020
1565,2020-02-06,6,2,2020
1566,2020-03-21,21,3,2020
1567,2020-02-06,6,2,2020
1568,2020-02-06,6,2,2020
1569,2020-02-06,6,2,2020
1570,2020-02-06,6,2,2020
1571,2020-03-21,21,3,2020
1572,2020-02-06,6,2,2020
1573,2020-02-06,6,2,2020
1574,2020-02-06,6,2,2020
1575,2020-02-06,6,2,2020
1576,2020-03-21,21,3,2020
1577,2020-03-21,21,3,2020
1578,2020-02-06,6,2,2020
1579,2020-03-21,21,3,2020
1580,2020-03-21,21,3,2020
1581,2020-02-06,6,2,2020
1582,2020-03-21,21,3,2020
1583,2020-03-21,21,3,2020
1584,2020-03-21,21,3,2020
1585,2020-03-21,21,3,2020
1586,2020-03-21,21,3,2020
1587,2020-03-21,21,3,2020
1588,2020-03-21,21,3,2020
1589,2020-03-21,21,3,2020
1590,2020-03-21,21,3,2020
1591,2020-03-21,21,3,2020
1592,2020-03-21,21,3,2020
1593,2020-03-21,21,3,2020
1594,2020-03-21,21,3,2020
1595,2020-03-21,21,3,2020
1596,2020-03-21,21,3,2020
1597,2020-03-21,21,3,2020
1598,2020-03-21,21,3,2020
1599,2020-03-21,21,3,2020
1600,2020-03-21,21,3,2020
1601,2019-12-18,18,12,2019
1602,2013-11-21,21,11,2013
1603,2017-08-01,1,8,2017
1604,2016-06-12,12,6,2016
1605,2016-06-15,15,6,2016
1606,2016-06-15,15,6,2016
1607,2016-06-19,19,6,2016
1608,2016-06-19,19,6,2016
1609,1997-12-23,23,12,1997
1610,1997-12-23,23,12,1997
1611,1997-12-23,23,12,1997
1612,1998-08-02,2,8,1998
1613,1998-08-02,2,8,1998
1614,1998-08-02,2,8,1998
1615,1998-08-02,2,8,1998
1616,1998-08-02,2,8,1998
1617,1998-08-02,2,8,1998
1618,1998-09-23,23,9,1998
1619,1998-09-23,23,9,1998
1620,1998-09-23,23,9,1998
1621,1999-12-04,4,12,1999
1622,1999-12-04,4,12,1999
1623,1999-12-04,4,12,1999
1624,1999-12-04,4,12,1999
1625,1999-12-04,4,12,1999
1626,1998-02-10,10,2,1998
1627,1997-12-23,23,12,1997
1628,1997-12-23,23,12,1997
1629,1997-12-23,23,12,1997
1630,1997-12-23,23,12,1997
1631,1997-12-23,23,12,1997
1632,2014-07-14,14,7,2014
1633,2014-07-14,14,7,2014
1634,2015-12-22,22,12,2015
1635,2014-07-14,14,7,2014
1636,2015-12-22,22,12,2015
1637,2015-12-22,22,12,2015
1638,2015-12-22,22,12,2015
1639,2015-12-22,22,12,2015
1640,2015-12-22,22,12,2015
1641,2015-12-22,22,12,2015
1642,2015-12-22,22,12,2015
1643,2015-12-22,22,12,2015
1644,2020-01-31,31,1,2020
1645,2018-12-03,3,12,2018
1646,2018-12-03,3,12,2018
1647,2019-08-08,8,8,2019
1648,2017-08-26,26,8,2017
1649,2019-06-25,25,6,2019
1650,2018-04-26,26,4,2018
1651,2019-06-29,29,6,2019
1652,2016-06-24,24,6,2016
1653,2018-07-09,9,7,2018
1654,2016-07-28,28,7,2016
1655,2019-10-17,17,10,2019
1656,2016-08-05,5,8,2016
1657,2016-08-14,14,8,2016
1658,2004-07-22,22,7,2004
1659,2005-01-20,20,1,2005
1660,2010-04-27,27,4,2010
1661,2018-12-03,3,12,2018
1662,2018-02-22,22,2,2018
1663,2001-09-30,30,9,2001
1664,2019-08-19,19,8,2019
1665,2019-08-19,19,8,2019
1666,2017-02-15,15,2,2017
1667,2014-06-19,19,6,2014
1668,2014-06-19,19,6,2014
1669,2013-06-07,7,6,2013
1670,2015-06-23,23,6,2015
1671,2016-09-16,16,9,2016
1672,2016-09-26,26,9,2016
1673,2011-12-17,17,12,2011
1674,2012-12-02,2,12,2012
1675,2018-12-03,3,12,2018
1676,2018-12-03,3,12,2018
1677,2014-06-19,19,6,2014
1678,2019-03-22,22,3,2019
1679,2001-10-22,22,10,2001
1680,2009-11-02,2,11,2009
1681,2013-05-07,7,5,2013
1682,2016-11-11,11,11,2016
1683,2017-08-26,26,8,2017
1684,2019-06-25,25,6,2019
1685,2019-06-29,29,6,2019
1686,2019-06-29,29,6,2019
1687,2015-10-08,8,10,2015
1688,2015-10-08,8,10,2015
1689,2019-06-25,25,6,2019
1690,2018-11-10,10,11,2018
1691,2018-11-10,10,11,2018
1692,2018-07-09,9,7,2018
1693,2015-09-24,24,9,2015
1694,2018-12-03,3,12,2018
1695,2020-02-19,19,2,2020
1696,2019-08-17,17,8,2019
1697,2019-12-11,11,12,2019
1698,2014-11-06,6,11,2014
1699,2016-08-15,15,8,2016
1700,2016-08-19,19,8,2016
1701,2016-08-19,19,8,2016
1702,2016-08-24,24,8,2016
1703,2016-08-24,24,8,2016
1704,2016-09-08,8,9,2016
1705,2019-03-29,29,3,2019
1706,2019-06-17,17,6,2019
1707,2007-12-14,14,12,2007
1708,2017-11-18,18,11,2017
1709,1994-12-26,26,12,1994
1710,2020-02-19,19,2,2020
1711,2016-10-05,5,10,2016
1712,2016-10-05,5,10,2016
1713,2018-07-13,13,7,2018
1714,2018-12-03,3,12,2018
1715,2018-12-03,3,12,2018
1716,2011-02-06,6,2,2011
1717,2008-08-29,29,8,2008
1718,2008-08-29,29,8,2008
1719,2008-08-29,29,8,2008
1720,2008-08-29,29,8,2008
1721,2008-08-29,29,8,2008
1722,2019-01-17,17,1,2019
1723,2011-08-17,17,8,2011
1724,2016-11-02,2,11,2016
1725,2016-11-11,11,11,2016
1726,2019-06-12,12,6,2019
1727,2019-06-12,12,6,2019
1728,2019-06-12,12,6,2019
1729,2018-11-29,29,11,2018
1730,2019-06-27,27,6,2019
1731,2005-08-23,23,8,2005
1732,2014-07-08,8,7,2014
1733,2018-06-20,20,6,2018
1734,2011-04-20,20,4,2011
1735,2016-12-07,7,12,2016
1736,2013-06-25,25,6,2013
1737,2014-12-26,26,12,2014
1738,2016-03-13,13,3,2016
1739,2012-04-25,25,4,2012
1740,2009-04-20,20,4,2009
1741,2019-05-22,22,5,2019
1742,2019-12-11,11,12,2019
1743,2019-01-18,18,1,2019
1744,2014-05-24,24,5,2014
1745,2017-06-23,23,6,2017
1746,2005-12-21,21,12,2005
1747,2008-05-23,23,5,2008
1748,2008-05-23,23,5,2008
1749,2008-05-23,23,5,2008
1750,2009-07-06,6,7,2009
1751,2009-07-06,6,7,2009
1752,2010-09-08,8,9,2010
1753,2010-09-08,8,9,2010
1754,2012-07-28,28,7,2012
1755,2013-01-15,15,1,2013
1756,2013-01-15,15,1,2013
1757,2013-01-15,15,1,2013
1758,2013-12-25,25,12,2013
1759,2013-12-25,25,12,2013
1760,2013-12-25,25,12,2013
1761,2014-05-23,23,5,2014
1762,2014-05-23,23,5,2014
1763,2014-05-23,23,5,2014
1764,2015-09-23,23,9,2015
1765,2015-09-23,23,9,2015
1766,2015-09-23,23,9,2015
1767,2018-10-30,30,10,2018
1768,2018-10-30,30,10,2018
1769,2018-10-30,30,10,2018
1770,2014-05-23,23,5,2014
1771,2018-12-16,16,12,2018
1772,2000-08-09,9,8,2000
1773,2000-07-16,16,7,2000
1774,2000-07-16,16,7,2000
1775,2018-10-07,7,10,2018
1776,2013-02-25,25,2,2013
1777,2013-02-25,25,2,2013
1778,2006-12-19,19,12,2006
1779,2007-07-02,2,7,2007
1780,2007-11-01,1,11,2007
1781,2008-03-27,27,3,2008
1782,2008-07-22,22,7,2008
1783,2004-06-29,29,6,2004
1784,2004-06-29,29,6,2004
1785,2007-04-17,17,4,2007
1786,2007-04-17,17,4,2007
1787,2007-04-17,17,4,2007
1788,2007-04-17,17,4,2007
1789,2007-04-17,17,4,2007
1790,2002-12-20,20,12,2002
1791,2004-06-29,29,6,2004
1792,2007-04-17,17,4,2007
1793,2014-06-19,19,6,2014
1794,2018-12-07,7,12,2018
1795,2018-12-07,7,12,2018
1796,2016-11-03,3,11,2016
1797,2016-11-19,19,11,2016
1798,2016-11-22,22,11,2016
1799,2016-12-07,7,12,2016
1800,2010-09-26,26,9,2010
1801,2005-02-03,3,2,2005
1802,2005-02-03,3,2,2005
1803,2007-06-15,15,6,2007
1804,2007-06-15,15,6,2007
1805,2011-04-15,15,4,2011
1806,2011-04-15,15,4,2011
1807,2012-09-13,13,9,2012
1808,2012-09-13,13,9,2012
1809,2015-10-08,8,10,2015
1810,2015-10-08,8,10,2015
1811,2017-03-01,1,3,2017
1812,2017-03-01,1,3,2017
1813,2016-09-26,26,9,2016
1814,1993-02-09,9,2,1993
1815,1998-10-23,23,10,1998
1816,2003-08-12,12,8,2003
1817,2016-12-10,10,12,2016
1818,2004-08-31,31,8,2004
1819,2007-12-10,10,12,2007
1820,2016-12-18,18,12,2016
1821,2016-12-20,20,12,2016
1822,2016-12-21,21,12,2016
1823,2016-12-21,21,12,2016
1824,2017-01-05,5,1,2017
1825,2012-05-17,17,5,2012
1826,2018-12-03,3,12,2018
1827,2008-04-28,28,4,2008
1828,2018-12-03,3,12,2018
1829,2018-04-25,25,4,2018
1830,2014-04-03,3,4,2014
1831,2016-04-25,25,4,2016
1832,2015-06-23,23,6,2015
1833,2017-03-06,6,3,2017
1834,2016-02-16,16,2,2016
1835,2017-10-13,13,10,2017
1836,2017-01-20,20,1,2017
1837,2017-01-24,24,1,2017
1838,2017-01-28,28,1,2017
1839,2017-02-14,14,2,2017
1840,2017-02-14,14,2,2017
1841,2017-02-15,15,2,2017
1842,2017-02-15,15,2,2017
1843,2017-03-16,16,3,2017
1844,2017-03-17,17,3,2017
1845,2017-03-30,30,3,2017
1846,2017-04-12,12,4,2017
1847,2017-05-04,4,5,2017
1848,2017-05-04,4,5,2017
1849,2017-05-06,6,5,2017
1850,2017-05-15,15,5,2017
1851,2018-02-02,2,2,2018
1852,2018-12-16,16,12,2018
1853,2018-12-16,16,12,2018
1854,2009-11-12,12,11,2009
1855,2011-07-29,29,7,2011
1856,2011-07-06,6,7,2011
1857,2013-07-15,15,7,2013
1858,2014-03-31,31,3,2014
1859,2014-09-28,28,9,2014
1860,2014-10-27,27,10,2014
1861,2010-06-15,15,6,2010
1862,2017-05-18,18,5,2017
1863,2013-07-19,19,7,2013
1864,2013-10-25,25,10,2013
1865,2016-06-29,29,6,2016
1866,2017-05-31,31,5,2017
1867,2017-06-01,1,6,2017
1868,2004-09-08,8,9,2004
1869,2004-09-08,8,9,2004
1870,2006-10-23,23,10,2006
1871,2006-10-23,23,10,2006
1872,2008-10-25,25,10,2008
1873,2008-10-25,25,10,2008
1874,2010-10-06,6,10,2010
1875,2010-10-06,6,10,2010
1876,2005-07-05,5,7,2005
1877,2012-10-14,14,10,2012
1878,2012-10-14,14,10,2012
1879,2004-04-18,18,4,2004
1880,2008-11-05,5,11,2008
1881,2011-11-20,20,11,2011
1882,2013-11-25,25,11,2013
1883,2018-11-19,19,11,2018
1884,2013-07-19,19,7,2013
1885,2017-06-01,1,6,2017
1886,2017-06-03,3,6,2017
1887,2017-06-07,7,6,2017
1888,2005-10-27,27,10,2005
1889,2015-10-08,8,10,2015
1890,2015-10-08,8,10,2015
1891,2017-06-18,18,6,2017
1892,2000-06-30,30,6,2000
1893,2000-09-05,5,9,2000
1894,2000-11-30,30,11,2000
1895,2017-06-23,23,6,2017
1896,2017-06-23,23,6,2017
1897,2017-06-28,28,6,2017
1898,2017-06-28,28,6,2017
1899,2018-08-15,15,8,2018
1900,2018-08-15,15,8,2018
1901,2017-07-05,5,7,2017
1902,2017-08-16,16,8,2017
1903,2017-08-18,18,8,2017
1904,2017-08-19,19,8,2017
1905,2017-09-12,12,9,2017
1906,2017-09-28,28,9,2017
1907,2017-09-29,29,9,2017
1908,2017-09-29,29,9,2017
1909,2017-10-09,9,10,2017
1910,2017-10-11,11,10,2017
1911,2013-11-21,21,11,2013
1912,2017-10-31,31,10,2017
1913,2017-10-31,31,10,2017
1914,2017-10-31,31,10,2017
1915,2017-10-31,31,10,2017
1916,2018-12-03,3,12,2018
1917,2018-12-03,3,12,2018
1918,2014-07-08,8,7,2014
1919,2016-06-22,22,6,2016
1920,2016-09-16,16,9,2016
1921,2016-09-16,16,9,2016
1922,2016-09-16,16,9,2016
1923,2016-09-16,16,9,2016
1924,2017-10-31,31,10,2017
1925,2017-10-31,31,10,2017
1926,2017-10-15,15,10,2017
1927,1996-05-12,12,5,1996
1928,2015-01-31,31,1,2015
1929,2012-09-13,13,9,2012
1930,2012-09-13,13,9,2012
1931,2013-12-06,6,12,2013
1932,2013-12-06,6,12,2013
1933,2019-12-06,6,12,2019
1934,2009-11-02,2,11,2009
1935,2015-10-08,8,10,2015
1936,2015-10-08,8,10,2015
1937,2015-10-08,8,10,2015
1938,2013-12-06,6,12,2013
1939,2018-01-31,31,1,2018
1940,2018-01-31,31,1,2018
1941,2018-01-31,31,1,2018
1942,2018-01-31,31,1,2018
1943,2018-12-03,3,12,2018
1944,2018-12-03,3,12,2018
1945,2014-05-24,24,5,2014
1946,2009-01-23,23,1,2009
1947,2019-07-05,5,7,2019
1948,2019-07-05,5,7,2019
1949,2003-01-25,25,1,2003
1950,2017-10-30,30,10,2017
1951,2018-01-11,11,1,2018
1952,2018-01-11,11,1,2018
1953,2018-01-11,11,1,2018
1954,2018-01-11,11,1,2018
1955,2018-12-03,3,12,2018
1956,2018-12-03,3,12,2018
1957,2018-12-03,3,12,2018
1958,2019-06-29,29,6,2019
1959,2019-06-29,29,6,2019
1960,2017-11-05,5,11,2017
1961,2017-11-05,5,11,2017
1962,2017-11-18,18,11,2017
1963,2019-05-05,5,5,2019
1964,2016-12-21,21,12,2016
1965,2016-12-21,21,12,2016
1966,2018-10-06,6,10,2018
1967,2011-07-18,18,7,2011
1968,2017-12-10,10,12,2017
1969,2018-01-11,11,1,2018
1970,2019-06-17,17,6,2019
1971,2012-09-09,9,9,2012
1972,2014-06-30,30,6,2014
1973,2014-05-24,24,5,2014
1974,2011-10-12,12,10,2011
1975,2019-11-03,3,11,2019
1976,2011-12-17,17,12,2011
1977,2018-09-16,16,9,2018
1978,2018-01-11,11,1,2018
1979,2018-01-19,19,1,2018
1980,2018-01-25,25,1,2018
1981,2018-01-25,25,1,2018
1982,2018-01-31,31,1,2018
1983,2018-02-12,12,2,2018
1984,2020-02-17,17,2,2020
1985,2018-02-22,22,2,2018
1986,2018-02-22,22,2,2018
1987,2019-11-11,11,11,2019
1988,2019-11-11,11,11,2019
1989,2019-11-11,11,11,2019
1990,2019-11-11,11,11,2019
1991,2019-11-11,11,11,2019
1992,2019-11-11,11,11,2019
1993,2019-11-11,11,11,2019
1994,2019-11-11,11,11,2019
1995,2019-11-11,11,11,2019
1996,2019-11-11,11,11,2019
1997,2019-11-11,11,11,2019
1998,2019-11-11,11,11,2019
1999,2019-11-11,11,11,2019
2000,2019-11-11,11,11,2019
2001,2019-11-11,11,11,2019
2002,2019-11-11,11,11,2019
2003,2019-11-11,11,11,2019
2004,2019-11-11,11,11,2019
2005,2019-11-11,11,11,2019
2006,2019-11-11,11,11,2019
2007,2019-11-11,11,11,2019
2008,2019-11-11,11,11,2019
2009,2019-11-11,11,11,2019
2010,2019-11-11,11,11,2019
2011,2019-11-11,11,11,2019
2012,2019-11-11,11,11,2019
2013,2019-11-11,11,11,2019
2014,2019-11-11,11,11,2019
2015,2019-11-11,11,11,2019
2016,2019-11-11,11,11,2019
2017,2019-11-11,11,11,2019
2018,2019-11-11,11,11,2019
2019,2019-11-11,11,11,2019
2020,2019-11-11,11,11,2019
2021,2019-11-11,11,11,2019
2022,2019-11-11,11,11,2019
2023,2019-11-11,11,11,2019
2024,2019-11-11,11,11,2019
2025,2019-11-11,11,11,2019
2026,2019-11-11,11,11,2019
2027,2019-11-11,11,11,2019
2028,2019-11-11,11,11,2019
2029,2019-11-11,11,11,2019
2030,2019-11-11,11,11,2019
2031,2019-11-11,11,11,2019
2032,2019-11-11,11,11,2019
2033,2019-11-11,11,11,2019
2034,2019-11-11,11,11,2019
2035,2019-11-11,11,11,2019
2036,2019-11-11,11,11,2019
2037,2019-11-11,11,11,2019
2038,2019-11-11,11,11,2019
2039,2019-11-11,11,11,2019
2040,2019-11-11,11,11,2019
2041,2019-11-11,11,11,2019
2042,2019-11-11,11,11,2019
2043,2019-11-11,11,11,2019
2044,2019-11-11,11,11,2019
2045,2020-01-07,7,1,2020
2046,2019-11-11,11,11,2019
2047,2019-11-11,11,11,2019
2048,2020-01-07,7,1,2020
2049,2020-01-07,7,1,2020
2050,2020-01-07,7,1,2020
2051,2020-01-07,7,1,2020
2052,2020-01-07,7,1,2020
2053,2020-01-07,7,1,2020
2054,2020-01-07,7,1,2020
2055,2020-01-07,7,1,2020
2056,2020-01-07,7,1,2020
2057,2020-01-07,7,1,2020
2058,2020-01-07,7,1,2020
2059,2020-01-07,7,1,2020
2060,2020-01-07,7,1,2020
2061,2020-01-07,7,1,2020
2062,2020-01-07,7,1,2020
2063,2020-01-07,7,1,2020
2064,2020-01-07,7,1,2020
2065,2020-01-07,7,1,2020
2066,2020-01-07,7,1,2020
2067,2020-01-07,7,1,2020
2068,2020-01-07,7,1,2020
2069,2020-01-07,7,1,2020
2070,2020-01-07,7,1,2020
2071,2020-01-07,7,1,2020
2072,2020-01-07,7,1,2020
2073,2020-01-07,7,1,2020
2074,2020-01-07,7,1,2020
2075,2020-01-07,7,1,2020
2076,2020-01-07,7,1,2020
2077,2020-01-07,7,1,2020
2078,2020-01-07,7,1,2020
2079,2020-01-07,7,1,2020
2080,2020-01-07,7,1,2020
2081,2020-01-07,7,1,2020
2082,2020-01-07,7,1,2020
2083,2020-02-17,17,2,2020
2084,2020-01-07,7,1,2020
2085,2020-01-07,7,1,2020
2086,2020-01-07,7,1,2020
2087,2020-01-07,7,1,2020
2088,2020-01-07,7,1,2020
2089,2020-01-07,7,1,2020
2090,2020-01-07,7,1,2020
2091,2020-01-07,7,1,2020
2092,2020-01-07,7,1,2020
2093,2020-01-07,7,1,2020
2094,2020-01-07,7,1,2020
2095,2020-01-07,7,1,2020
2096,2020-01-07,7,1,2020
2097,2020-01-07,7,1,2020
2098,2020-01-29,29,1,2020
2099,2020-01-07,7,1,2020
2100,2020-01-07,7,1,2020
2101,2020-01-07,7,1,2020
2102,2020-01-07,7,1,2020
2103,2020-01-07,7,1,2020
2104,2020-01-07,7,1,2020
2105,2020-01-29,29,1,2020
2106,2020-01-07,7,1,2020
2107,2020-01-29,29,1,2020
2108,2020-01-07,7,1,2020
2109,2020-01-29,29,1,2020
2110,2020-01-29,29,1,2020
2111,2020-01-29,29,1,2020
2112,2020-01-29,29,1,2020
2113,2020-01-29,29,1,2020
2114,2020-01-29,29,1,2020
2115,2020-01-29,29,1,2020
2116,2020-02-17,17,2,2020
2117,2020-01-29,29,1,2020
2118,2020-01-29,29,1,2020
2119,2020-01-29,29,1,2020
2120,2020-01-29,29,1,2020
2121,2020-02-17,17,2,2020
2122,2020-01-07,7,1,2020
2123,2020-01-29,29,1,2020
2124,2020-01-29,29,1,2020
2125,2020-01-29,29,1,2020
2126,2020-01-29,29,1,2020
2127,2020-01-29,29,1,2020
2128,2020-01-29,29,1,2020
2129,2020-01-29,29,1,2020
2130,2020-01-29,29,1,2020
2131,2020-01-29,29,1,2020
2132,2020-02-17,17,2,2020
2133,2020-01-29,29,1,2020
2134,2020-01-29,29,1,2020
2135,2020-01-29,29,1,2020
2136,2020-01-29,29,1,2020
2137,2020-01-29,29,1,2020
2138,2020-01-29,29,1,2020
2139,2020-01-29,29,1,2020
2140,2020-01-29,29,1,2020
2141,2020-01-29,29,1,2020
2142,2020-01-29,29,1,2020
2143,2020-01-29,29,1,2020
2144,2020-01-29,29,1,2020
2145,2020-01-29,29,1,2020
2146,2020-01-29,29,1,2020
2147,2020-01-29,29,1,2020
2148,2020-01-29,29,1,2020
2149,2020-01-29,29,1,2020
2150,2020-01-29,29,1,2020
2151,2020-01-29,29,1,2020
2152,2020-01-29,29,1,2020
2153,2020-01-29,29,1,2020
2154,2020-01-29,29,1,2020
2155,2020-01-29,29,1,2020
2156,2020-01-29,29,1,2020
2157,2020-01-29,29,1,2020
2158,2020-01-29,29,1,2020
2159,2020-01-29,29,1,2020
2160,2020-01-29,29,1,2020
2161,2020-01-29,29,1,2020
2162,2020-01-29,29,1,2020
2163,2020-01-29,29,1,2020
2164,2020-01-29,29,1,2020
2165,2020-02-17,17,2,2020
2166,2020-02-17,17,2,2020
2167,2020-02-17,17,2,2020
2168,2020-01-29,29,1,2020
2169,2020-02-17,17,2,2020
2170,2020-02-17,17,2,2020
2171,2020-01-29,29,1,2020
2172,2020-01-29,29,1,2020
2173,2020-01-29,29,1,2020
2174,2020-01-29,29,1,2020
2175,2020-02-17,17,2,2020
2176,2020-02-17,17,2,2020
2177,2020-02-17,17,2,2020
2178,2020-02-17,17,2,2020
2179,2020-02-17,17,2,2020
2180,2020-02-17,17,2,2020
2181,2020-02-17,17,2,2020
2182,2020-02-17,17,2,2020
2183,2020-02-17,17,2,2020
2184,2020-02-17,17,2,2020
2185,2020-03-18,18,3,2020
2186,2020-02-17,17,2,2020
2187,2020-02-17,17,2,2020
2188,2020-02-17,17,2,2020
2189,2020-02-17,17,2,2020
2190,2020-02-17,17,2,2020
2191,2020-03-18,18,3,2020
2192,2020-02-17,17,2,2020
2193,2020-02-17,17,2,2020
2194,2020-02-17,17,2,2020
2195,2020-02-17,17,2,2020
2196,2020-02-17,17,2,2020
2197,2020-02-17,17,2,2020
2198,2020-02-17,17,2,2020
2199,2020-02-17,17,2,2020
2200,2020-02-17,17,2,2020
2201,2020-02-17,17,2,2020
2202,2020-02-17,17,2,2020
2203,2020-02-17,17,2,2020
2204,2020-02-17,17,2,2020
2205,2020-02-17,17,2,2020
2206,2020-02-17,17,2,2020
2207,2020-02-17,17,2,2020
2208,2020-02-17,17,2,2020
2209,2020-02-17,17,2,2020
2210,2020-02-17,17,2,2020
2211,2020-02-17,17,2,2020
2212,2020-02-17,17,2,2020
2213,2020-02-17,17,2,2020
2214,2020-02-17,17,2,2020
2215,2020-02-17,17,2,2020
2216,2020-02-17,17,2,2020
2217,2020-02-17,17,2,2020
2218,2020-02-17,17,2,2020
2219,2020-02-17,17,2,2020
2220,2020-02-17,17,2,2020
2221,2020-02-17,17,2,2020
2222,2020-02-17,17,2,2020
2223,2020-02-17,17,2,2020
2224,2020-03-18,18,3,2020
2225,2020-03-18,18,3,2020
2226,2020-03-18,18,3,2020
2227,2020-03-18,18,3,2020
2228,2020-03-18,18,3,2020
2229,2020-03-18,18,3,2020
2230,2020-03-18,18,3,2020
2231,2020-03-18,18,3,2020
2232,2020-03-18,18,3,2020
2233,2020-03-18,18,3,2020
2234,2020-03-18,18,3,2020
2235,2020-03-18,18,3,2020
2236,2020-03-18,18,3,2020
2237,2020-02-17,17,2,2020
2238,2020-02-17,17,2,2020
2239,2020-02-17,17,2,2020
2240,2020-03-18,18,3,2020
2241,2020-03-18,18,3,2020
2242,2020-03-18,18,3,2020
2243,2020-03-18,18,3,2020
2244,2020-03-18,18,3,2020
2245,2020-03-18,18,3,2020
2246,2020-03-18,18,3,2020
2247,2020-03-18,18,3,2020
2248,2020-03-18,18,3,2020
2249,2020-03-18,18,3,2020
2250,2020-03-18,18,3,2020
2251,2020-03-18,18,3,2020
2252,2020-03-18,18,3,2020
2253,2020-03-18,18,3,2020
2254,2020-03-18,18,3,2020
2255,2020-03-18,18,3,2020
2256,2020-03-18,18,3,2020
2257,2020-03-18,18,3,2020
2258,2020-03-18,18,3,2020
2259,2020-03-18,18,3,2020
2260,2020-03-18,18,3,2020
2261,2020-03-18,18,3,2020
2262,2020-03-18,18,3,2020
2263,2020-03-18,18,3,2020
2264,2020-03-18,18,3,2020
2265,2020-03-18,18,3,2020
2266,2020-03-18,18,3,2020
2267,2020-03-18,18,3,2020
2268,2020-03-18,18,3,2020
2269,2020-03-18,18,3,2020
2270,2020-03-18,18,3,2020
2271,2020-03-18,18,3,2020
2272,2020-03-18,18,3,2020
2273,2020-03-18,18,3,2020
2274,2020-03-18,18,3,2020
2275,2020-03-18,18,3,2020
2276,2020-03-18,18,3,2020
2277,2020-03-18,18,3,2020
2278,2020-03-18,18,3,2020
2279,2020-03-18,18,3,2020
2280,2020-03-18,18,3,2020
2281,2020-03-18,18,3,2020
2282,2020-03-18,18,3,2020
2283,2020-03-18,18,3,2020
2284,2020-03-18,18,3,2020
2285,2019-05-24,24,5,2019
2286,2019-05-24,24,5,2019
2287,2019-05-24,24,5,2019
2288,2019-05-24,24,5,2019
2289,2019-05-24,24,5,2019
2290,2019-05-24,24,5,2019
2291,2019-05-24,24,5,2019
2292,2019-05-24,24,5,2019
2293,2019-05-24,24,5,2019
2294,2019-05-24,24,5,2019
2295,2019-05-24,24,5,2019
2296,2019-05-24,24,5,2019
2297,2019-05-24,24,5,2019
2298,2019-05-24,24,5,2019
2299,2019-05-24,24,5,2019
2300,2019-05-24,24,5,2019
2301,2019-05-24,24,5,2019
2302,2019-05-24,24,5,2019
2303,2019-05-24,24,5,2019
2304,2019-05-24,24,5,2019
2305,2019-05-24,24,5,2019
2306,2019-05-24,24,5,2019
2307,2019-05-24,24,5,2019
2308,2019-05-24,24,5,2019
2309,2019-05-24,24,5,2019
2310,2019-05-24,24,5,2019
2311,2019-05-24,24,5,2019
2312,2019-05-24,24,5,2019
2313,2019-05-24,24,5,2019
2314,2019-05-24,24,5,2019
2315,2019-05-24,24,5,2019
2316,2019-05-24,24,5,2019
2317,2019-05-24,24,5,2019
2318,2019-05-24,24,5,2019
2319,2019-05-24,24,5,2019
2320,2019-05-24,24,5,2019
2321,2019-05-24,24,5,2019
2322,2019-05-24,24,5,2019
2323,2019-05-24,24,5,2019
2324,2019-05-24,24,5,2019
2325,2019-05-24,24,5,2019
2326,2019-05-24,24,5,2019
2327,2019-05-24,24,5,2019
2328,2019-05-24,24,5,2019
2329,2019-05-24,24,5,2019
2330,2019-05-24,24,5,2019
2331,2019-05-24,24,5,2019
2332,2019-05-24,24,5,2019
2333,2019-05-24,24,5,2019
2334,2019-05-24,24,5,2019
2335,2019-05-24,24,5,2019
2336,2019-05-24,24,5,2019
2337,2019-05-24,24,5,2019
2338,2019-05-24,24,5,2019
2339,2019-05-24,24,5,2019
2340,2019-05-24,24,5,2019
2341,2020-01-07,7,1,2020
2342,2018-01-11,11,1,2018
2343,2018-12-16,16,12,2018
2344,2013-11-19,19,11,2013
2345,2020-01-28,28,1,2020
2346,2018-12-03,3,12,2018
2347,2013-02-25,25,2,2013
2348,2001-12-27,27,12,2001
2349,2001-12-27,27,12,2001
2350,2002-07-08,8,7,2002
2351,2002-07-08,8,7,2002
2352,2003-08-19,19,8,2003
2353,2003-08-19,19,8,2003
2354,2004-09-23,23,9,2004
2355,2004-09-23,23,9,2004
2356,2013-01-30,30,1,2013
2357,2009-05-05,5,5,2009
2358,2009-09-25,25,9,2009
2359,2009-09-25,25,9,2009
2360,2018-12-03,3,12,2018
2361,2018-02-12,12,2,2018
2362,2018-03-01,1,3,2018
2363,2016-12-28,28,12,2016
2364,2016-12-28,28,12,2016
2365,2018-01-08,8,1,2018
2366,2018-01-08,8,1,2018
2367,2020-01-31,31,1,2020
2368,2013-11-22,22,11,2013
2369,2013-11-22,22,11,2013
2370,2013-11-22,22,11,2013
2371,2016-06-22,22,6,2016
2372,2019-07-12,12,7,2019
2373,2004-11-20,20,11,2004
2374,2009-09-23,23,9,2009
2375,2018-03-06,6,3,2018
2376,2018-03-29,29,3,2018
2377,2011-09-27,27,9,2011
2378,2013-12-05,5,12,2013
2379,2010-06-21,21,6,2010
2380,2018-10-24,24,10,2018
2381,2000-08-09,9,8,2000
2382,2016-12-21,21,12,2016
2383,2018-08-15,15,8,2018
2384,2018-08-15,15,8,2018
2385,2018-03-29,29,3,2018
2386,2018-04-05,5,4,2018
2387,2018-04-05,5,4,2018
2388,2018-04-11,11,4,2018
2389,2018-04-14,14,4,2018
2390,2018-04-18,18,4,2018
2391,2018-04-18,18,4,2018
2392,2018-05-03,3,5,2018
2393,2018-05-11,11,5,2018
2394,2018-06-04,4,6,2018
2395,2018-06-05,5,6,2018
2396,2017-07-14,14,7,2017
2397,2008-01-21,21,1,2008
2398,2015-12-16,16,12,2015
2399,2018-07-09,9,7,2018
2400,2018-07-22,22,7,2018
2401,2018-07-29,29,7,2018
2402,2018-07-29,29,7,2018
2403,2018-07-31,31,7,2018
2404,2018-08-07,7,8,2018
2405,2018-08-22,22,8,2018
2406,2018-08-24,24,8,2018
2407,2018-07-13,13,7,2018
2408,2018-08-24,24,8,2018
2409,2007-06-15,15,6,2007
2410,2018-09-10,10,9,2018
2411,2018-09-15,15,9,2018
2412,2012-07-22,22,7,2012
2413,2018-09-15,15,9,2018
2414,2018-09-19,19,9,2018
2415,2018-09-19,19,9,2018
2416,2018-12-03,3,12,2018
2417,2018-09-25,25,9,2018
2418,2018-09-25,25,9,2018
2419,2018-10-15,15,10,2018
2420,2008-10-01,1,10,2008
2421,2018-10-15,15,10,2018
2422,2018-10-17,17,10,2018
2423,2018-10-29,29,10,2018
2424,2018-11-01,1,11,2018
2425,2018-11-14,14,11,2018
2426,2010-08-24,24,8,2010
2427,2012-05-06,6,5,2012
2428,2015-10-26,26,10,2015
2429,2019-04-29,29,4,2019
2430,2019-04-29,29,4,2019
2431,2017-03-02,2,3,2017
2432,2018-11-15,15,11,2018
2433,2018-11-18,18,11,2018
2434,2018-11-18,18,11,2018
2435,2018-11-29,29,11,2018
2436,2018-11-29,29,11,2018
2437,2018-10-29,29,10,2018
2438,2019-08-17,17,8,2019
2439,2019-06-05,5,6,2019
2440,2019-12-07,7,12,2019
2441,2019-12-07,7,12,2019
2442,2020-01-15,15,1,2020
2443,2019-12-21,21,12,2019
2444,2018-11-29,29,11,2018
2445,2014-09-08,8,9,2014
2446,2015-09-19,19,9,2015
2447,2015-09-24,24,9,2015
2448,2015-09-24,24,9,2015
2449,2019-06-05,5,6,2019
2450,2019-06-05,5,6,2019
2451,2019-01-21,21,1,2019
2452,2019-11-03,3,11,2019
2453,2019-12-07,7,12,2019
2454,2019-12-07,7,12,2019
2455,2018-01-18,18,1,2018
2456,2018-01-18,18,1,2018
2457,2018-11-19,19,11,2018
2458,2018-12-03,3,12,2018
2459,2014-06-19,19,6,2014
2460,2001-12-07,7,12,2001
2461,2018-12-04,4,12,2018
2462,2018-12-04,4,12,2018
2463,2018-12-19,19,12,2018
2464,2018-12-20,20,12,2018
2465,2018-12-25,25,12,2018
2466,2018-12-25,25,12,2018
2467,2019-01-10,10,1,2019
2468,2019-12-06,6,12,2019
2469,2019-02-05,5,2,2019
2470,2007-06-29,29,6,2007
2471,2014-11-06,6,11,2014
2472,2013-02-25,25,2,2013
2473,2019-02-05,5,2,2019
2474,2019-02-21,21,2,2019
2475,2019-03-11,11,3,2019
2476,2019-03-16,16,3,2019
2477,2019-12-11,11,12,2019
2478,2019-12-11,11,12,2019
2479,2017-06-23,23,6,2017
2480,2018-01-11,11,1,2018
2481,2019-03-31,31,3,2019
2482,2019-04-11,11,4,2019
2483,2019-04-20,20,4,2019
2484,2019-05-17,17,5,2019
2485,2019-05-30,30,5,2019
2486,2019-06-17,17,6,2019
2487,2018-08-10,10,8,2018
2488,2009-07-29,29,7,2009
2489,2014-07-08,8,7,2014
2490,2014-05-24,24,5,2014
2491,2019-01-31,31,1,2019
2492,2017-06-23,23,6,2017
2493,2013-11-21,21,11,2013
2494,2018-12-27,27,12,2018
2495,2019-06-20,20,6,2019
2496,2019-06-20,20,6,2019
2497,2019-07-05,5,7,2019
2498,2014-06-30,30,6,2014
2499,2015-12-16,16,12,2015
2500,2015-12-16,16,12,2015
2501,2017-08-01,1,8,2017
2502,2017-06-23,23,6,2017
2503,2019-06-24,24,6,2019
2504,2019-06-25,25,6,2019
2505,2019-06-25,25,6,2019
2506,2019-06-25,25,6,2019
2507,2013-05-07,7,5,2013
2508,2012-09-28,28,9,2012
2509,2017-10-09,9,10,2017
2510,2017-06-23,23,6,2017
2511,2018-01-25,25,1,2018
2512,2019-06-25,25,6,2019
2513,2019-06-25,25,6,2019
2514,2019-06-25,25,6,2019
2515,2019-06-25,25,6,2019
2516,2019-06-25,25,6,2019
2517,2019-06-25,25,6,2019
2518,2019-08-05,5,8,2019
2519,2019-08-06,6,8,2019
2520,2019-08-06,6,8,2019
2521,2019-08-06,6,8,2019
2522,2019-08-08,8,8,2019
2523,2013-11-21,21,11,2013
2524,2017-07-14,14,7,2017
2525,2007-09-18,18,9,2007
2526,2009-10-08,8,10,2009
2527,2014-08-13,13,8,2014
2528,2019-06-05,5,6,2019
2529,2019-08-30,30,8,2019
2530,2019-08-17,17,8,2019
2531,2012-11-18,18,11,2012
2532,2018-06-27,27,6,2018
2533,2018-06-27,27,6,2018
2534,2020-02-19,19,2,2020
2535,2020-02-19,19,2,2020
2536,2020-02-19,19,2,2020
2537,2020-02-19,19,2,2020
2538,2019-08-08,8,8,2019
2539,2019-09-22,22,9,2019
2540,1999-12-10,10,12,1999
2541,2016-11-09,9,11,2016
2542,2011-04-20,20,4,2011
2543,2019-09-22,22,9,2019
2544,2009-12-15,15,12,2009
2545,2015-09-19,19,9,2015
2546,2015-09-19,19,9,2015
2547,2015-09-19,19,9,2015
2548,2015-09-19,19,9,2015
2549,2015-09-19,19,9,2015
2550,2017-01-09,9,1,2017
2551,2019-10-09,9,10,2019
2552,2019-10-09,9,10,2019
2553,2019-10-18,18,10,2019
2554,2019-11-23,23,11,2019
2555,2019-11-23,23,11,2019
2556,2019-11-26,26,11,2019
2557,2019-11-26,26,11,2019
2558,2010-08-09,9,8,2010
2559,2010-09-22,22,9,2010
2560,2011-11-09,9,11,2011
2561,2011-11-29,29,11,2011
2562,2012-05-10,10,5,2012
2563,2012-05-29,29,5,2012
2564,2012-11-25,25,11,2012
2565,2012-11-25,25,11,2012
2566,2012-11-25,25,11,2012
2567,2013-09-01,1,9,2013
2568,2013-09-01,1,9,2013
2569,2013-09-01,1,9,2013
2570,2013-10-29,29,10,2013
2571,2013-11-20,20,11,2013
2572,2014-08-09,9,8,2014
2573,2014-08-09,9,8,2014
2574,2014-08-09,9,8,2014
2575,2014-09-08,8,9,2014
2576,2014-10-20,20,10,2014
2577,2014-11-14,14,11,2014
2578,2014-11-20,20,11,2014
2579,2014-12-10,10,12,2014
2580,2014-12-10,10,12,2014
2581,2014-12-10,10,12,2014
2582,2014-12-27,27,12,2014
2583,2015-08-27,27,8,2015
2584,2015-11-08,8,11,2015
2585,2015-11-26,26,11,2015
2586,2016-05-15,15,5,2016
2587,2017-09-29,29,9,2017
2588,2017-09-29,29,9,2017
2589,2017-09-29,29,9,2017
2590,2020-03-24,24,3,2020
2591,2020-03-24,24,3,2020
2592,2017-11-26,26,11,2017
2593,2017-11-26,26,11,2017
2594,2017-11-26,26,11,2017
2595,2017-12-25,25,12,2017
2596,2017-12-25,25,12,2017
2597,2017-12-25,25,12,2017
2598,2018-01-25,25,1,2018
2599,2018-01-25,25,1,2018
2600,2018-01-25,25,1,2018
2601,2019-07-26,26,7,2019
2602,2019-07-26,26,7,2019
2603,2019-07-26,26,7,2019
2604,2018-04-10,10,4,2018
2605,2018-04-10,10,4,2018
2606,2018-04-10,10,4,2018
2607,2018-10-08,8,10,2018
2608,2008-12-01,1,12,2008
2609,2009-04-22,22,4,2009
2610,2009-12-09,9,12,2009
2611,2009-12-15,15,12,2009
2612,2010-03-05,5,3,2010
2613,2010-03-05,5,3,2010
2614,2010-03-05,5,3,2010
2615,2020-03-24,24,3,2020
2616,2018-10-08,8,10,2018
2617,2020-01-16,16,1,2020
2618,2011-04-20,20,4,2011
2619,2008-05-23,23,5,2008
2620,2016-11-11,11,11,2016
2621,2019-09-25,25,9,2019
2622,2018-12-29,29,12,2018
2623,2018-12-29,29,12,2018
2624,2018-12-29,29,12,2018
2625,2018-12-29,29,12,2018
2626,2018-12-29,29,12,2018
2627,2018-12-29,29,12,2018
2628,2017-05-18,18,5,2017
2629,2013-11-21,21,11,2013
2630,2018-11-27,27,11,2018
2631,2004-11-04,4,11,2004
2632,2018-02-02,2,2,2018
2633,2010-09-22,22,9,2010
2634,2010-09-22,22,9,2010
2635,2015-09-19,19,9,2015
2636,2015-09-19,19,9,2015
2637,2019-11-27,27,11,2019
2638,2019-12-16,16,12,2019
2639,2019-12-16,16,12,2019
2640,2019-12-17,17,12,2019
2641,2019-12-24,24,12,2019
2642,2019-12-27,27,12,2019
2643,2020-01-07,7,1,2020
2644,2020-01-16,16,1,2020
2645,2020-01-16,16,1,2020
2646,2020-02-18,18,2,2020
2647,2020-02-18,18,2,2020
2648,2020-03-09,9,3,2020
2649,2020-03-26,26,3,2020
2650,2018-04-26,26,4,2018
2651,2018-04-26,26,4,2018
2652,2018-04-26,26,4,2018
2653,2018-04-26,26,4,2018
2654,2019-09-19,19,9,2019
2655,2019-09-19,19,9,2019
2656,2019-09-19,19,9,2019
2657,2019-09-19,19,9,2019
2658,2017-06-15,15,6,2017
2659,2017-06-15,15,6,2017
2660,2018-04-26,26,4,2018
2661,2019-09-19,19,9,2019
2662,2011-12-22,22,12,2011
2663,2019-09-14,14,9,2019
2664,2012-01-09,9,1,2012
2665,2016-05-29,29,5,2016
